[2026-09-11 09:49:41] production.ERROR: No application encryption key has been specified. {"exception":"[object] (Illuminate\\Encryption\\MissingAppKeyException(code: 0): No application encryption key has been specified. at C:\\Users\\54548894829\\Desktop\\portfolio-laravel-skeleton\\portfolio\\vendor\\laravel\\framework\\src\\Illuminate\\Encryption\\EncryptionServiceProvider.php:79)
[stacktrace]
#0 C:\\Users\\54548894829\\Desktop\\portfolio-laravel-skeleton\\portfolio\\vendor\\laravel\\framework\\src\\Illuminate\\Support\\helpers.php(319): Illuminate\\Encryption\\EncryptionServiceProvider->Illuminate\\Encryption\\{closure}(NULL)
#1 C:\\Users\\54548894829\\Desktop\\portfolio-laravel-skeleton\\portfolio\\vendor\\laravel\\framework\\src\\Illuminate\\Encryption\\EncryptionServiceProvider.php(81): tap(NULL, Object(Closure))
#2 C:\\Users\\54548894829\\Desktop\\portfolio-laravel-skeleton\\portfolio\\vendor\\laravel\\framework\\src\\Illuminate\\Encryption\\EncryptionServiceProvider.php(60): Illuminate\\Encryption\\EncryptionServiceProvider->key(Array)
#3 C:\\Users\\54548894829\\Desktop\\portfolio-laravel-skeleton\\portfolio\\vendor\\laravel\\framework\\src\\Illuminate\\Encryption\\EncryptionServiceProvider.php(32): Illuminate\\Encryption\\EncryptionServiceProvider->parseKey(Array)
#4 C:\\Users\\54548894829\\Desktop\\portfolio-laravel-skeleton\\portfolio\\vendor\\laravel\\framework\\src\\Illuminate\\Container\\Container.php(885): Illuminate\\Encryption\\EncryptionServiceProvider->Illuminate\\Encryption\\{closure}(Object(Illuminate\\Foundation\\Application), Array)
#5 C:\\Users\\54548894829\\Desktop\\portfolio-laravel-skeleton\\portfolio\\vendor\\laravel\\framework\\src\\Illuminate\\Container\\Container.php(770): Illuminate\\Container\\Container->build(Object(Closure))
#6 C:\\Users\\54548894829\\Desktop\\portfolio-laravel-skeleton\\portfolio\\vendor\\laravel\\framework\\src\\Illuminate\\Foundation\\Application.php(881): Illuminate\\Container\\Container->resolve('encrypter', Array, true)
#7 C:\\Users\\54548894829\\Desktop\\portfolio-laravel-skeleton\\portfolio\\vendor\\laravel\\framework\\src\\Illuminate\\Container\\Container.php(706): Illuminate\\Foundation\\Application->resolve('encrypter', Array)
#8 C:\\Users\\54548894829\\Desktop\\portfolio-laravel-skeleton\\portfolio\\vendor\\laravel\\framework\\src\\Illuminate\\Foundation\\Application.php(866): Illuminate\\Container\\Container->make('encrypter', Array)
#9 C:\\Users\\54548894829\\Desktop\\portfolio-laravel-skeleton\\portfolio\\vendor\\laravel\\framework\\src\\Illuminate\\Container\\Container.php(1043): Illuminate\\Foundation\\Application->make('encrypter')
#10 C:\\Users\\54548894829\\Desktop\\portfolio-laravel-skeleton\\portfolio\\vendor\\laravel\\framework\\src\\Illuminate\\Container\\Container.php(959): Illuminate\\Container\\Container->resolveClass(Object(ReflectionParameter))
#11 C:\\Users\\54548894829\\Desktop\\portfolio-laravel-skeleton\\portfolio\\vendor\\laravel\\framework\\src\\Illuminate\\Container\\Container.php(920): Illuminate\\Container\\Container->resolveDependencies(Array)
#12 C:\\Users\\54548894829\\Desktop\\portfolio-laravel-skeleton\\portfolio\\vendor\\laravel\\framework\\src\\Illuminate\\Container\\Container.php(770): Illuminate\\Container\\Container->build('App\\\\Http\\\\Middle...')
#13 C:\\Users\\54548894829\\Desktop\\portfolio-laravel-skeleton\\portfolio\\vendor\\laravel\\framework\\src\\Illuminate\\Foundation\\Application.php(881): Illuminate\\Container\\Container->resolve('App\\\\Http\\\\Middle...', Array, true)
#14 C:\\Users\\54548894829\\Desktop\\portfolio-laravel-skeleton\\portfolio\\vendor\\laravel\\framework\\src\\Illuminate\\Container\\Container.php(706): Illuminate\\Foundation\\Application->resolve('App\\\\Http\\\\Middle...', Array)
#15 C:\\Users\\54548894829\\Desktop\\portfolio-laravel-skeleton\\portfolio\\vendor\\laravel\\framework\\src\\Illuminate\\Foundation\\Application.php(866): Illuminate\\Container\\Container->make('App\\\\Http\\\\Middle...', Array)
#16 C:\\Users\\54548894829\\Desktop\\portfolio-laravel-skeleton\\portfolio\\vendor\\laravel\\framework\\src\\Illuminate\\Pipeline\\Pipeline.php(169): Illuminate\\Foundation\\Application->make('App\\\\Http\\\\Middle...')
#17 C:\\Users\\54548894829\\Desktop\\portfolio-laravel-skeleton\\portfolio\\vendor\\laravel\\framework\\src\\Illuminate\\Pipeline\\Pipeline.php(116): Illuminate\\Pipeline\\Pipeline->Illuminate\\Pipeline\\{closure}(Object(Illuminate\\Http\\Request))
#18 C:\\Users\\54548894829\\Desktop\\portfolio-laravel-skeleton\\portfolio\\vendor\\laravel\\framework\\src\\Illuminate\\Routing\\Router.php(799): Illuminate\\Pipeline\\Pipeline->then(Object(Closure))
#19 C:\\Users\\54548894829\\Desktop\\portfolio-laravel-skeleton\\portfolio\\vendor\\laravel\\framework\\src\\Illuminate\\Routing\\Router.php(776): Illuminate\\Routing\\Router->runRouteWithinStack(Object(Illuminate\\Routing\\Route), Object(Illuminate\\Http\\Request))
#20 C:\\Users\\54548894829\\Desktop\\portfolio-laravel-skeleton\\portfolio\\vendor\\laravel\\framework\\src\\Illuminate\\Routing\\Router.php(740): Illuminate\\Routing\\Router->runRoute(Object(Illuminate\\Http\\Request), Object(Illuminate\\Routing\\Route))
#21 C:\\Users\\54548894829\\Desktop\\portfolio-laravel-skeleton\\portfolio\\vendor\\laravel\\framework\\src\\Illuminate\\Routing\\Router.php(729): Illuminate\\Routing\\Router->dispatchToRoute(Object(Illuminate\\Http\\Request))
#22 C:\\Users\\54548894829\\Desktop\\portfolio-laravel-skeleton\\portfolio\\vendor\\laravel\\framework\\src\\Illuminate\\Foundation\\Http\\Kernel.php(190): Illuminate\\Routing\\Router->dispatch(Object(Illuminate\\Http\\Request))
#23 C:\\Users\\54548894829\\Desktop\\portfolio-laravel-skeleton\\portfolio\\vendor\\laravel\\framework\\src\\Illuminate\\Pipeline\\Pipeline.php(141): Illuminate\\Foundation\\Http\\Kernel->Illuminate\\Foundation\\Http\\{closure}(Object(Illuminate\\Http\\Request))
#24 C:\\Users\\54548894829\\Desktop\\portfolio-laravel-skeleton\\portfolio\\vendor\\laravel\\framework\\src\\Illuminate\\Foundation\\Http\\Middleware\\TransformsRequest.php(21): Illuminate\\Pipeline\\Pipeline->Illuminate\\Pipeline\\{closure}(Object(Illuminate\\Http\\Request))
#25 C:\\Users\\54548894829\\Desktop\\portfolio-laravel-skeleton\\portfolio\\vendor\\laravel\\framework\\src\\Illuminate\\Foundation\\Http\\Middleware\\ConvertEmptyStringsToNull.php(31): Illuminate\\Foundation\\Http\\Middleware\\TransformsRequest->handle(Object(Illuminate\\Http\\Request), Object(Closure))
#26 C:\\Users\\54548894829\\Desktop\\portfolio-laravel-skeleton\\portfolio\\vendor\\laravel\\framework\\src\\Illuminate\\Pipeline\\Pipeline.php(180): Illuminate\\Foundation\\Http\\Middleware\\ConvertEmptyStringsToNull->handle(Object(Illuminate\\Http\\Request), Object(Closure))
#27 C:\\Users\\54548894829\\Desktop\\portfolio-laravel-skeleton\\portfolio\\vendor\\laravel\\framework\\src\\Illuminate\\Foundation\\Http\\Middleware\\TransformsRequest.php(21): Illuminate\\Pipeline\\Pipeline->Illuminate\\Pipeline\\{closure}(Object(Illuminate\\Http\\Request))
#28 C:\\Users\\54548894829\\Desktop\\portfolio-laravel-skeleton\\portfolio\\vendor\\laravel\\framework\\src\\Illuminate\\Foundation\\Http\\Middleware\\TrimStrings.php(40): Illuminate\\Foundation\\Http\\Middleware\\TransformsRequest->handle(Object(Illuminate\\Http\\Request), Object(Closure))
#29 C:\\Users\\54548894829\\Desktop\\portfolio-laravel-skeleton\\portfolio\\vendor\\laravel\\framework\\src\\Illuminate\\Pipeline\\Pipeline.php(180): Illuminate\\Foundation\\Http\\Middleware\\TrimStrings->handle(Object(Illuminate\\Http\\Request), Object(Closure))
#30 C:\\Users\\54548894829\\Desktop\\portfolio-laravel-skeleton\\portfolio\\vendor\\laravel\\framework\\src\\Illuminate\\Foundation\\Http\\Middleware\\ValidatePostSize.php(27): Illuminate\\Pipeline\\Pipeline->Illuminate\\Pipeline\\{closure}(Object(Illuminate\\Http\\Request))
#31 C:\\Users\\54548894829\\Desktop\\portfolio-laravel-skeleton\\portfolio\\vendor\\laravel\\framework\\src\\Illuminate\\Pipeline\\Pipeline.php(180): Illuminate\\Foundation\\Http\\Middleware\\ValidatePostSize->handle(Object(Illuminate\\Http\\Request), Object(Closure))
#32 C:\\Users\\54548894829\\Desktop\\portfolio-laravel-skeleton\\portfolio\\vendor\\laravel\\framework\\src\\Illuminate\\Foundation\\Http\\Middleware\\PreventRequestsDuringMaintenance.php(86): Illuminate\\Pipeline\\Pipeline->Illuminate\\Pipeline\\{closure}(Object(Illuminate\\Http\\Request))
#33 C:\\Users\\54548894829\\Desktop\\portfolio-laravel-skeleton\\portfolio\\vendor\\laravel\\framework\\src\\Illuminate\\Pipeline\\Pipeline.php(180): Illuminate\\Foundation\\Http\\Middleware\\PreventRequestsDuringMaintenance->handle(Object(Illuminate\\Http\\Request), Object(Closure))
#34 C:\\Users\\54548894829\\Desktop\\portfolio-laravel-skeleton\\portfolio\\vendor\\laravel\\framework\\src\\Illuminate\\Http\\Middleware\\HandleCors.php(49): Illuminate\\Pipeline\\Pipeline->Illuminate\\Pipeline\\{closure}(Object(Illuminate\\Http\\Request))
#35 C:\\Users\\54548894829\\Desktop\\portfolio-laravel-skeleton\\portfolio\\vendor\\laravel\\framework\\src\\Illuminate\\Pipeline\\Pipeline.php(180): Illuminate\\Http\\Middleware\\HandleCors->handle(Object(Illuminate\\Http\\Request), Object(Closure))
#36 C:\\Users\\54548894829\\Desktop\\portfolio-laravel-skeleton\\portfolio\\vendor\\laravel\\framework\\src\\Illuminate\\Http\\Middleware\\TrustProxies.php(39): Illuminate\\Pipeline\\Pipeline->Illuminate\\Pipeline\\{closure}(Object(Illuminate\\Http\\Request))
#37 C:\\Users\\54548894829\\Desktop\\portfolio-laravel-skeleton\\portfolio\\vendor\\laravel\\framework\\src\\Illuminate\\Pipeline\\Pipeline.php(180): Illuminate\\Http\\Middleware\\TrustProxies->handle(Object(Illuminate\\Http\\Request), Object(Closure))
#38 C:\\Users\\54548894829\\Desktop\\portfolio-laravel-skeleton\\portfolio\\vendor\\laravel\\framework\\src\\Illuminate\\Pipeline\\Pipeline.php(116): Illuminate\\Pipeline\\Pipeline->Illuminate\\Pipeline\\{closure}(Object(Illuminate\\Http\\Request))
#39 C:\\Users\\54548894829\\Desktop\\portfolio-laravel-skeleton\\portfolio\\vendor\\laravel\\framework\\src\\Illuminate\\Foundation\\Http\\Kernel.php(165): Illuminate\\Pipeline\\Pipeline->then(Object(Closure))
#40 C:\\Users\\54548894829\\Desktop\\portfolio-laravel-skeleton\\portfolio\\vendor\\laravel\\framework\\src\\Illuminate\\Foundation\\Http\\Kernel.php(134): Illuminate\\Foundation\\Http\\Kernel->sendRequestThroughRouter(Object(Illuminate\\Http\\Request))
#41 C:\\Users\\54548894829\\Desktop\\portfolio-laravel-skeleton\\portfolio\\public\\index.php(19): Illuminate\\Foundation\\Http\\Kernel->handle(Object(Illuminate\\Http\\Request))
#42 C:\\Users\\54548894829\\Desktop\\portfolio-laravel-skeleton\\portfolio\\vendor\\laravel\\framework\\src\\Illuminate\\Foundation\\resources\\server.php(16): require_once('C:\\\\Users\\\\545488...')
#43 {main}
"} 
[2026-09-11 09:49:42] production.ERROR: No application encryption key has been specified. {"exception":"[object] (Illuminate\\Encryption\\MissingAppKeyException(code: 0): No application encryption key has been specified. at C:\\Users\\54548894829\\Desktop\\portfolio-laravel-skeleton\\portfolio\\vendor\\laravel\\framework\\src\\Illuminate\\Encryption\\EncryptionServiceProvider.php:79)
[stacktrace]
#0 C:\\Users\\54548894829\\Desktop\\portfolio-laravel-skeleton\\portfolio\\vendor\\laravel\\framework\\src\\Illuminate\\Support\\helpers.php(319): Illuminate\\Encryption\\EncryptionServiceProvider->Illuminate\\Encryption\\{closure}(NULL)
#1 C:\\Users\\54548894829\\Desktop\\portfolio-laravel-skeleton\\portfolio\\vendor\\laravel\\framework\\src\\Illuminate\\Encryption\\EncryptionServiceProvider.php(81): tap(NULL, Object(Closure))
#2 C:\\Users\\54548894829\\Desktop\\portfolio-laravel-skeleton\\portfolio\\vendor\\laravel\\framework\\src\\Illuminate\\Encryption\\EncryptionServiceProvider.php(60): Illuminate\\Encryption\\EncryptionServiceProvider->key(Array)
#3 C:\\Users\\54548894829\\Desktop\\portfolio-laravel-skeleton\\portfolio\\vendor\\laravel\\framework\\src\\Illuminate\\Encryption\\EncryptionServiceProvider.php(32): Illuminate\\Encryption\\EncryptionServiceProvider->parseKey(Array)
#4 C:\\Users\\54548894829\\Desktop\\portfolio-laravel-skeleton\\portfolio\\vendor\\laravel\\framework\\src\\Illuminate\\Container\\Container.php(885): Illuminate\\Encryption\\EncryptionServiceProvider->Illuminate\\Encryption\\{closure}(Object(Illuminate\\Foundation\\Application), Array)
#5 C:\\Users\\54548894829\\Desktop\\portfolio-laravel-skeleton\\portfolio\\vendor\\laravel\\framework\\src\\Illuminate\\Container\\Container.php(770): Illuminate\\Container\\Container->build(Object(Closure))
#6 C:\\Users\\54548894829\\Desktop\\portfolio-laravel-skeleton\\portfolio\\vendor\\laravel\\framework\\src\\Illuminate\\Foundation\\Application.php(881): Illuminate\\Container\\Container->resolve('encrypter', Array, true)
#7 C:\\Users\\54548894829\\Desktop\\portfolio-laravel-skeleton\\portfolio\\vendor\\laravel\\framework\\src\\Illuminate\\Container\\Container.php(706): Illuminate\\Foundation\\Application->resolve('encrypter', Array)
#8 C:\\Users\\54548894829\\Desktop\\portfolio-laravel-skeleton\\portfolio\\vendor\\laravel\\framework\\src\\Illuminate\\Foundation\\Application.php(866): Illuminate\\Container\\Container->make('encrypter', Array)
#9 C:\\Users\\54548894829\\Desktop\\portfolio-laravel-skeleton\\portfolio\\vendor\\laravel\\framework\\src\\Illuminate\\Container\\Container.php(1043): Illuminate\\Foundation\\Application->make('encrypter')
#10 C:\\Users\\54548894829\\Desktop\\portfolio-laravel-skeleton\\portfolio\\vendor\\laravel\\framework\\src\\Illuminate\\Container\\Container.php(959): Illuminate\\Container\\Container->resolveClass(Object(ReflectionParameter))
#11 C:\\Users\\54548894829\\Desktop\\portfolio-laravel-skeleton\\portfolio\\vendor\\laravel\\framework\\src\\Illuminate\\Container\\Container.php(920): Illuminate\\Container\\Container->resolveDependencies(Array)
#12 C:\\Users\\54548894829\\Desktop\\portfolio-laravel-skeleton\\portfolio\\vendor\\laravel\\framework\\src\\Illuminate\\Container\\Container.php(770): Illuminate\\Container\\Container->build('App\\\\Http\\\\Middle...')
#13 C:\\Users\\54548894829\\Desktop\\portfolio-laravel-skeleton\\portfolio\\vendor\\laravel\\framework\\src\\Illuminate\\Foundation\\Application.php(881): Illuminate\\Container\\Container->resolve('App\\\\Http\\\\Middle...', Array, true)
#14 C:\\Users\\54548894829\\Desktop\\portfolio-laravel-skeleton\\portfolio\\vendor\\laravel\\framework\\src\\Illuminate\\Container\\Container.php(706): Illuminate\\Foundation\\Application->resolve('App\\\\Http\\\\Middle...', Array)
#15 C:\\Users\\54548894829\\Desktop\\portfolio-laravel-skeleton\\portfolio\\vendor\\laravel\\framework\\src\\Illuminate\\Foundation\\Application.php(866): Illuminate\\Container\\Container->make('App\\\\Http\\\\Middle...', Array)
#16 C:\\Users\\54548894829\\Desktop\\portfolio-laravel-skeleton\\portfolio\\vendor\\laravel\\framework\\src\\Illuminate\\Foundation\\Http\\Kernel.php(239): Illuminate\\Foundation\\Application->make('App\\\\Http\\\\Middle...')
#17 C:\\Users\\54548894829\\Desktop\\portfolio-laravel-skeleton\\portfolio\\vendor\\laravel\\framework\\src\\Illuminate\\Foundation\\Http\\Kernel.php(203): Illuminate\\Foundation\\Http\\Kernel->terminateMiddleware(Object(Illuminate\\Http\\Request), Object(Illuminate\\Http\\Response))
#18 C:\\Users\\54548894829\\Desktop\\portfolio-laravel-skeleton\\portfolio\\public\\index.php(22): Illuminate\\Foundation\\Http\\Kernel->terminate(Object(Illuminate\\Http\\Request), Object(Illuminate\\Http\\Response))
#19 C:\\Users\\54548894829\\Desktop\\portfolio-laravel-skeleton\\portfolio\\vendor\\laravel\\framework\\src\\Illuminate\\Foundation\\resources\\server.php(16): require_once('C:\\\\Users\\\\545488...')
#20 {main}
"} 
[2026-09-11 09:50:06] production.ERROR: No application encryption key has been specified. {"exception":"[object] (Illuminate\\Encryption\\MissingAppKeyException(code: 0): No application encryption key has been specified. at C:\\Users\\54548894829\\Desktop\\portfolio-laravel-skeleton\\portfolio\\vendor\\laravel\\framework\\src\\Illuminate\\Encryption\\EncryptionServiceProvider.php:79)
[stacktrace]
#0 C:\\Users\\54548894829\\Desktop\\portfolio-laravel-skeleton\\portfolio\\vendor\\laravel\\framework\\src\\Illuminate\\Support\\helpers.php(319): Illuminate\\Encryption\\EncryptionServiceProvider->Illuminate\\Encryption\\{closure}(NULL)
#1 C:\\Users\\54548894829\\Desktop\\portfolio-laravel-skeleton\\portfolio\\vendor\\laravel\\framework\\src\\Illuminate\\Encryption\\EncryptionServiceProvider.php(81): tap(NULL, Object(Closure))
#2 C:\\Users\\54548894829\\Desktop\\portfolio-laravel-skeleton\\portfolio\\vendor\\laravel\\framework\\src\\Illuminate\\Encryption\\EncryptionServiceProvider.php(60): Illuminate\\Encryption\\EncryptionServiceProvider->key(Array)
#3 C:\\Users\\54548894829\\Desktop\\portfolio-laravel-skeleton\\portfolio\\vendor\\laravel\\framework\\src\\Illuminate\\Encryption\\EncryptionServiceProvider.php(32): Illuminate\\Encryption\\EncryptionServiceProvider->parseKey(Array)
#4 C:\\Users\\54548894829\\Desktop\\portfolio-laravel-skeleton\\portfolio\\vendor\\laravel\\framework\\src\\Illuminate\\Container\\Container.php(885): Illuminate\\Encryption\\EncryptionServiceProvider->Illuminate\\Encryption\\{closure}(Object(Illuminate\\Foundation\\Application), Array)
#5 C:\\Users\\54548894829\\Desktop\\portfolio-laravel-skeleton\\portfolio\\vendor\\laravel\\framework\\src\\Illuminate\\Container\\Container.php(770): Illuminate\\Container\\Container->build(Object(Closure))
#6 C:\\Users\\54548894829\\Desktop\\portfolio-laravel-skeleton\\portfolio\\vendor\\laravel\\framework\\src\\Illuminate\\Foundation\\Application.php(881): Illuminate\\Container\\Container->resolve('encrypter', Array, true)
#7 C:\\Users\\54548894829\\Desktop\\portfolio-laravel-skeleton\\portfolio\\vendor\\laravel\\framework\\src\\Illuminate\\Container\\Container.php(706): Illuminate\\Foundation\\Application->resolve('encrypter', Array)
#8 C:\\Users\\54548894829\\Desktop\\portfolio-laravel-skeleton\\portfolio\\vendor\\laravel\\framework\\src\\Illuminate\\Foundation\\Application.php(866): Illuminate\\Container\\Container->make('encrypter', Array)
#9 C:\\Users\\54548894829\\Desktop\\portfolio-laravel-skeleton\\portfolio\\vendor\\laravel\\framework\\src\\Illuminate\\Container\\Container.php(1043): Illuminate\\Foundation\\Application->make('encrypter')
#10 C:\\Users\\54548894829\\Desktop\\portfolio-laravel-skeleton\\portfolio\\vendor\\laravel\\framework\\src\\Illuminate\\Container\\Container.php(959): Illuminate\\Container\\Container->resolveClass(Object(ReflectionParameter))
#11 C:\\Users\\54548894829\\Desktop\\portfolio-laravel-skeleton\\portfolio\\vendor\\laravel\\framework\\src\\Illuminate\\Container\\Container.php(920): Illuminate\\Container\\Container->resolveDependencies(Array)
#12 C:\\Users\\54548894829\\Desktop\\portfolio-laravel-skeleton\\portfolio\\vendor\\laravel\\framework\\src\\Illuminate\\Container\\Container.php(770): Illuminate\\Container\\Container->build('App\\\\Http\\\\Middle...')
#13 C:\\Users\\54548894829\\Desktop\\portfolio-laravel-skeleton\\portfolio\\vendor\\laravel\\framework\\src\\Illuminate\\Foundation\\Application.php(881): Illuminate\\Container\\Container->resolve('App\\\\Http\\\\Middle...', Array, true)
#14 C:\\Users\\54548894829\\Desktop\\portfolio-laravel-skeleton\\portfolio\\vendor\\laravel\\framework\\src\\Illuminate\\Container\\Container.php(706): Illuminate\\Foundation\\Application->resolve('App\\\\Http\\\\Middle...', Array)
#15 C:\\Users\\54548894829\\Desktop\\portfolio-laravel-skeleton\\portfolio\\vendor\\laravel\\framework\\src\\Illuminate\\Foundation\\Application.php(866): Illuminate\\Container\\Container->make('App\\\\Http\\\\Middle...', Array)
#16 C:\\Users\\54548894829\\Desktop\\portfolio-laravel-skeleton\\portfolio\\vendor\\laravel\\framework\\src\\Illuminate\\Pipeline\\Pipeline.php(169): Illuminate\\Foundation\\Application->make('App\\\\Http\\\\Middle...')
#17 C:\\Users\\54548894829\\Desktop\\portfolio-laravel-skeleton\\portfolio\\vendor\\laravel\\framework\\src\\Illuminate\\Pipeline\\Pipeline.php(116): Illuminate\\Pipeline\\Pipeline->Illuminate\\Pipeline\\{closure}(Object(Illuminate\\Http\\Request))
#18 C:\\Users\\54548894829\\Desktop\\portfolio-laravel-skeleton\\portfolio\\vendor\\laravel\\framework\\src\\Illuminate\\Routing\\Router.php(799): Illuminate\\Pipeline\\Pipeline->then(Object(Closure))
#19 C:\\Users\\54548894829\\Desktop\\portfolio-laravel-skeleton\\portfolio\\vendor\\laravel\\framework\\src\\Illuminate\\Routing\\Router.php(776): Illuminate\\Routing\\Router->runRouteWithinStack(Object(Illuminate\\Routing\\Route), Object(Illuminate\\Http\\Request))
#20 C:\\Users\\54548894829\\Desktop\\portfolio-laravel-skeleton\\portfolio\\vendor\\laravel\\framework\\src\\Illuminate\\Routing\\Router.php(740): Illuminate\\Routing\\Router->runRoute(Object(Illuminate\\Http\\Request), Object(Illuminate\\Routing\\Route))
#21 C:\\Users\\54548894829\\Desktop\\portfolio-laravel-skeleton\\portfolio\\vendor\\laravel\\framework\\src\\Illuminate\\Routing\\Router.php(729): Illuminate\\Routing\\Router->dispatchToRoute(Object(Illuminate\\Http\\Request))
#22 C:\\Users\\54548894829\\Desktop\\portfolio-laravel-skeleton\\portfolio\\vendor\\laravel\\framework\\src\\Illuminate\\Foundation\\Http\\Kernel.php(190): Illuminate\\Routing\\Router->dispatch(Object(Illuminate\\Http\\Request))
#23 C:\\Users\\54548894829\\Desktop\\portfolio-laravel-skeleton\\portfolio\\vendor\\laravel\\framework\\src\\Illuminate\\Pipeline\\Pipeline.php(141): Illuminate\\Foundation\\Http\\Kernel->Illuminate\\Foundation\\Http\\{closure}(Object(Illuminate\\Http\\Request))
#24 C:\\Users\\54548894829\\Desktop\\portfolio-laravel-skeleton\\portfolio\\vendor\\laravel\\framework\\src\\Illuminate\\Foundation\\Http\\Middleware\\TransformsRequest.php(21): Illuminate\\Pipeline\\Pipeline->Illuminate\\Pipeline\\{closure}(Object(Illuminate\\Http\\Request))
#25 C:\\Users\\54548894829\\Desktop\\portfolio-laravel-skeleton\\portfolio\\vendor\\laravel\\framework\\src\\Illuminate\\Foundation\\Http\\Middleware\\ConvertEmptyStringsToNull.php(31): Illuminate\\Foundation\\Http\\Middleware\\TransformsRequest->handle(Object(Illuminate\\Http\\Request), Object(Closure))
#26 C:\\Users\\54548894829\\Desktop\\portfolio-laravel-skeleton\\portfolio\\vendor\\laravel\\framework\\src\\Illuminate\\Pipeline\\Pipeline.php(180): Illuminate\\Foundation\\Http\\Middleware\\ConvertEmptyStringsToNull->handle(Object(Illuminate\\Http\\Request), Object(Closure))
#27 C:\\Users\\54548894829\\Desktop\\portfolio-laravel-skeleton\\portfolio\\vendor\\laravel\\framework\\src\\Illuminate\\Foundation\\Http\\Middleware\\TransformsRequest.php(21): Illuminate\\Pipeline\\Pipeline->Illuminate\\Pipeline\\{closure}(Object(Illuminate\\Http\\Request))
#28 C:\\Users\\54548894829\\Desktop\\portfolio-laravel-skeleton\\portfolio\\vendor\\laravel\\framework\\src\\Illuminate\\Foundation\\Http\\Middleware\\TrimStrings.php(40): Illuminate\\Foundation\\Http\\Middleware\\TransformsRequest->handle(Object(Illuminate\\Http\\Request), Object(Closure))
#29 C:\\Users\\54548894829\\Desktop\\portfolio-laravel-skeleton\\portfolio\\vendor\\laravel\\framework\\src\\Illuminate\\Pipeline\\Pipeline.php(180): Illuminate\\Foundation\\Http\\Middleware\\TrimStrings->handle(Object(Illuminate\\Http\\Request), Object(Closure))
#30 C:\\Users\\54548894829\\Desktop\\portfolio-laravel-skeleton\\portfolio\\vendor\\laravel\\framework\\src\\Illuminate\\Foundation\\Http\\Middleware\\ValidatePostSize.php(27): Illuminate\\Pipeline\\Pipeline->Illuminate\\Pipeline\\{closure}(Object(Illuminate\\Http\\Request))
#31 C:\\Users\\54548894829\\Desktop\\portfolio-laravel-skeleton\\portfolio\\vendor\\laravel\\framework\\src\\Illuminate\\Pipeline\\Pipeline.php(180): Illuminate\\Foundation\\Http\\Middleware\\ValidatePostSize->handle(Object(Illuminate\\Http\\Request), Object(Closure))
#32 C:\\Users\\54548894829\\Desktop\\portfolio-laravel-skeleton\\portfolio\\vendor\\laravel\\framework\\src\\Illuminate\\Foundation\\Http\\Middleware\\PreventRequestsDuringMaintenance.php(86): Illuminate\\Pipeline\\Pipeline->Illuminate\\Pipeline\\{closure}(Object(Illuminate\\Http\\Request))
#33 C:\\Users\\54548894829\\Desktop\\portfolio-laravel-skeleton\\portfolio\\vendor\\laravel\\framework\\src\\Illuminate\\Pipeline\\Pipeline.php(180): Illuminate\\Foundation\\Http\\Middleware\\PreventRequestsDuringMaintenance->handle(Object(Illuminate\\Http\\Request), Object(Closure))
#34 C:\\Users\\54548894829\\Desktop\\portfolio-laravel-skeleton\\portfolio\\vendor\\laravel\\framework\\src\\Illuminate\\Http\\Middleware\\HandleCors.php(49): Illuminate\\Pipeline\\Pipeline->Illuminate\\Pipeline\\{closure}(Object(Illuminate\\Http\\Request))
#35 C:\\Users\\54548894829\\Desktop\\portfolio-laravel-skeleton\\portfolio\\vendor\\laravel\\framework\\src\\Illuminate\\Pipeline\\Pipeline.php(180): Illuminate\\Http\\Middleware\\HandleCors->handle(Object(Illuminate\\Http\\Request), Object(Closure))
#36 C:\\Users\\54548894829\\Desktop\\portfolio-laravel-skeleton\\portfolio\\vendor\\laravel\\framework\\src\\Illuminate\\Http\\Middleware\\TrustProxies.php(39): Illuminate\\Pipeline\\Pipeline->Illuminate\\Pipeline\\{closure}(Object(Illuminate\\Http\\Request))
#37 C:\\Users\\54548894829\\Desktop\\portfolio-laravel-skeleton\\portfolio\\vendor\\laravel\\framework\\src\\Illuminate\\Pipeline\\Pipeline.php(180): Illuminate\\Http\\Middleware\\TrustProxies->handle(Object(Illuminate\\Http\\Request), Object(Closure))
#38 C:\\Users\\54548894829\\Desktop\\portfolio-laravel-skeleton\\portfolio\\vendor\\laravel\\framework\\src\\Illuminate\\Pipeline\\Pipeline.php(116): Illuminate\\Pipeline\\Pipeline->Illuminate\\Pipeline\\{closure}(Object(Illuminate\\Http\\Request))
#39 C:\\Users\\54548894829\\Desktop\\portfolio-laravel-skeleton\\portfolio\\vendor\\laravel\\framework\\src\\Illuminate\\Foundation\\Http\\Kernel.php(165): Illuminate\\Pipeline\\Pipeline->then(Object(Closure))
#40 C:\\Users\\54548894829\\Desktop\\portfolio-laravel-skeleton\\portfolio\\vendor\\laravel\\framework\\src\\Illuminate\\Foundation\\Http\\Kernel.php(134): Illuminate\\Foundation\\Http\\Kernel->sendRequestThroughRouter(Object(Illuminate\\Http\\Request))
#41 C:\\Users\\54548894829\\Desktop\\portfolio-laravel-skeleton\\portfolio\\public\\index.php(19): Illuminate\\Foundation\\Http\\Kernel->handle(Object(Illuminate\\Http\\Request))
#42 C:\\Users\\54548894829\\Desktop\\portfolio-laravel-skeleton\\portfolio\\vendor\\laravel\\framework\\src\\Illuminate\\Foundation\\resources\\server.php(16): require_once('C:\\\\Users\\\\545488...')
#43 {main}
"} 
[2026-09-11 09:50:06] production.ERROR: No application encryption key has been specified. {"exception":"[object] (Illuminate\\Encryption\\MissingAppKeyException(code: 0): No application encryption key has been specified. at C:\\Users\\54548894829\\Desktop\\portfolio-laravel-skeleton\\portfolio\\vendor\\laravel\\framework\\src\\Illuminate\\Encryption\\EncryptionServiceProvider.php:79)
[stacktrace]
#0 C:\\Users\\54548894829\\Desktop\\portfolio-laravel-skeleton\\portfolio\\vendor\\laravel\\framework\\src\\Illuminate\\Support\\helpers.php(319): Illuminate\\Encryption\\EncryptionServiceProvider->Illuminate\\Encryption\\{closure}(NULL)
#1 C:\\Users\\54548894829\\Desktop\\portfolio-laravel-skeleton\\portfolio\\vendor\\laravel\\framework\\src\\Illuminate\\Encryption\\EncryptionServiceProvider.php(81): tap(NULL, Object(Closure))
#2 C:\\Users\\54548894829\\Desktop\\portfolio-laravel-skeleton\\portfolio\\vendor\\laravel\\framework\\src\\Illuminate\\Encryption\\EncryptionServiceProvider.php(60): Illuminate\\Encryption\\EncryptionServiceProvider->key(Array)
#3 C:\\Users\\54548894829\\Desktop\\portfolio-laravel-skeleton\\portfolio\\vendor\\laravel\\framework\\src\\Illuminate\\Encryption\\EncryptionServiceProvider.php(32): Illuminate\\Encryption\\EncryptionServiceProvider->parseKey(Array)
#4 C:\\Users\\54548894829\\Desktop\\portfolio-laravel-skeleton\\portfolio\\vendor\\laravel\\framework\\src\\Illuminate\\Container\\Container.php(885): Illuminate\\Encryption\\EncryptionServiceProvider->Illuminate\\Encryption\\{closure}(Object(Illuminate\\Foundation\\Application), Array)
#5 C:\\Users\\54548894829\\Desktop\\portfolio-laravel-skeleton\\portfolio\\vendor\\laravel\\framework\\src\\Illuminate\\Container\\Container.php(770): Illuminate\\Container\\Container->build(Object(Closure))
#6 C:\\Users\\54548894829\\Desktop\\portfolio-laravel-skeleton\\portfolio\\vendor\\laravel\\framework\\src\\Illuminate\\Foundation\\Application.php(881): Illuminate\\Container\\Container->resolve('encrypter', Array, true)
#7 C:\\Users\\54548894829\\Desktop\\portfolio-laravel-skeleton\\portfolio\\vendor\\laravel\\framework\\src\\Illuminate\\Container\\Container.php(706): Illuminate\\Foundation\\Application->resolve('encrypter', Array)
#8 C:\\Users\\54548894829\\Desktop\\portfolio-laravel-skeleton\\portfolio\\vendor\\laravel\\framework\\src\\Illuminate\\Foundation\\Application.php(866): Illuminate\\Container\\Container->make('encrypter', Array)
#9 C:\\Users\\54548894829\\Desktop\\portfolio-laravel-skeleton\\portfolio\\vendor\\laravel\\framework\\src\\Illuminate\\Container\\Container.php(1043): Illuminate\\Foundation\\Application->make('encrypter')
#10 C:\\Users\\54548894829\\Desktop\\portfolio-laravel-skeleton\\portfolio\\vendor\\laravel\\framework\\src\\Illuminate\\Container\\Container.php(959): Illuminate\\Container\\Container->resolveClass(Object(ReflectionParameter))
#11 C:\\Users\\54548894829\\Desktop\\portfolio-laravel-skeleton\\portfolio\\vendor\\laravel\\framework\\src\\Illuminate\\Container\\Container.php(920): Illuminate\\Container\\Container->resolveDependencies(Array)
#12 C:\\Users\\54548894829\\Desktop\\portfolio-laravel-skeleton\\portfolio\\vendor\\laravel\\framework\\src\\Illuminate\\Container\\Container.php(770): Illuminate\\Container\\Container->build('App\\\\Http\\\\Middle...')
#13 C:\\Users\\54548894829\\Desktop\\portfolio-laravel-skeleton\\portfolio\\vendor\\laravel\\framework\\src\\Illuminate\\Foundation\\Application.php(881): Illuminate\\Container\\Container->resolve('App\\\\Http\\\\Middle...', Array, true)
#14 C:\\Users\\54548894829\\Desktop\\portfolio-laravel-skeleton\\portfolio\\vendor\\laravel\\framework\\src\\Illuminate\\Container\\Container.php(706): Illuminate\\Foundation\\Application->resolve('App\\\\Http\\\\Middle...', Array)
#15 C:\\Users\\54548894829\\Desktop\\portfolio-laravel-skeleton\\portfolio\\vendor\\laravel\\framework\\src\\Illuminate\\Foundation\\Application.php(866): Illuminate\\Container\\Container->make('App\\\\Http\\\\Middle...', Array)
#16 C:\\Users\\54548894829\\Desktop\\portfolio-laravel-skeleton\\portfolio\\vendor\\laravel\\framework\\src\\Illuminate\\Foundation\\Http\\Kernel.php(239): Illuminate\\Foundation\\Application->make('App\\\\Http\\\\Middle...')
#17 C:\\Users\\54548894829\\Desktop\\portfolio-laravel-skeleton\\portfolio\\vendor\\laravel\\framework\\src\\Illuminate\\Foundation\\Http\\Kernel.php(203): Illuminate\\Foundation\\Http\\Kernel->terminateMiddleware(Object(Illuminate\\Http\\Request), Object(Illuminate\\Http\\Response))
#18 C:\\Users\\54548894829\\Desktop\\portfolio-laravel-skeleton\\portfolio\\public\\index.php(22): Illuminate\\Foundation\\Http\\Kernel->terminate(Object(Illuminate\\Http\\Request), Object(Illuminate\\Http\\Response))
#19 C:\\Users\\54548894829\\Desktop\\portfolio-laravel-skeleton\\portfolio\\vendor\\laravel\\framework\\src\\Illuminate\\Foundation\\resources\\server.php(16): require_once('C:\\\\Users\\\\545488...')
#20 {main}
"} 
[2026-09-11 09:51:54] local.ERROR: No application encryption key has been specified. {"exception":"[object] (Illuminate\\Encryption\\MissingAppKeyException(code: 0): No application encryption key has been specified. at C:\\Users\\54548894829\\Desktop\\portfolio-laravel-skeleton\\portfolio\\vendor\\laravel\\framework\\src\\Illuminate\\Encryption\\EncryptionServiceProvider.php:79)
[stacktrace]
#0 C:\\Users\\54548894829\\Desktop\\portfolio-laravel-skeleton\\portfolio\\vendor\\laravel\\framework\\src\\Illuminate\\Support\\helpers.php(319): Illuminate\\Encryption\\EncryptionServiceProvider->Illuminate\\Encryption\\{closure}('')
#1 C:\\Users\\54548894829\\Desktop\\portfolio-laravel-skeleton\\portfolio\\vendor\\laravel\\framework\\src\\Illuminate\\Encryption\\EncryptionServiceProvider.php(81): tap('', Object(Closure))
#2 C:\\Users\\54548894829\\Desktop\\portfolio-laravel-skeleton\\portfolio\\vendor\\laravel\\framework\\src\\Illuminate\\Encryption\\EncryptionServiceProvider.php(60): Illuminate\\Encryption\\EncryptionServiceProvider->key(Array)
#3 C:\\Users\\54548894829\\Desktop\\portfolio-laravel-skeleton\\portfolio\\vendor\\laravel\\framework\\src\\Illuminate\\Encryption\\EncryptionServiceProvider.php(32): Illuminate\\Encryption\\EncryptionServiceProvider->parseKey(Array)
#4 C:\\Users\\54548894829\\Desktop\\portfolio-laravel-skeleton\\portfolio\\vendor\\laravel\\framework\\src\\Illuminate\\Container\\Container.php(885): Illuminate\\Encryption\\EncryptionServiceProvider->Illuminate\\Encryption\\{closure}(Object(Illuminate\\Foundation\\Application), Array)
#5 C:\\Users\\54548894829\\Desktop\\portfolio-laravel-skeleton\\portfolio\\vendor\\laravel\\framework\\src\\Illuminate\\Container\\Container.php(770): Illuminate\\Container\\Container->build(Object(Closure))
#6 C:\\Users\\54548894829\\Desktop\\portfolio-laravel-skeleton\\portfolio\\vendor\\laravel\\framework\\src\\Illuminate\\Foundation\\Application.php(881): Illuminate\\Container\\Container->resolve('encrypter', Array, true)
#7 C:\\Users\\54548894829\\Desktop\\portfolio-laravel-skeleton\\portfolio\\vendor\\laravel\\framework\\src\\Illuminate\\Container\\Container.php(706): Illuminate\\Foundation\\Application->resolve('encrypter', Array)
#8 C:\\Users\\54548894829\\Desktop\\portfolio-laravel-skeleton\\portfolio\\vendor\\laravel\\framework\\src\\Illuminate\\Foundation\\Application.php(866): Illuminate\\Container\\Container->make('encrypter', Array)
#9 C:\\Users\\54548894829\\Desktop\\portfolio-laravel-skeleton\\portfolio\\vendor\\laravel\\framework\\src\\Illuminate\\Container\\Container.php(1043): Illuminate\\Foundation\\Application->make('encrypter')
#10 C:\\Users\\54548894829\\Desktop\\portfolio-laravel-skeleton\\portfolio\\vendor\\laravel\\framework\\src\\Illuminate\\Container\\Container.php(959): Illuminate\\Container\\Container->resolveClass(Object(ReflectionParameter))
#11 C:\\Users\\54548894829\\Desktop\\portfolio-laravel-skeleton\\portfolio\\vendor\\laravel\\framework\\src\\Illuminate\\Container\\Container.php(920): Illuminate\\Container\\Container->resolveDependencies(Array)
#12 C:\\Users\\54548894829\\Desktop\\portfolio-laravel-skeleton\\portfolio\\vendor\\laravel\\framework\\src\\Illuminate\\Container\\Container.php(770): Illuminate\\Container\\Container->build('App\\\\Http\\\\Middle...')
#13 C:\\Users\\54548894829\\Desktop\\portfolio-laravel-skeleton\\portfolio\\vendor\\laravel\\framework\\src\\Illuminate\\Foundation\\Application.php(881): Illuminate\\Container\\Container->resolve('App\\\\Http\\\\Middle...', Array, true)
#14 C:\\Users\\54548894829\\Desktop\\portfolio-laravel-skeleton\\portfolio\\vendor\\laravel\\framework\\src\\Illuminate\\Container\\Container.php(706): Illuminate\\Foundation\\Application->resolve('App\\\\Http\\\\Middle...', Array)
#15 C:\\Users\\54548894829\\Desktop\\portfolio-laravel-skeleton\\portfolio\\vendor\\laravel\\framework\\src\\Illuminate\\Foundation\\Application.php(866): Illuminate\\Container\\Container->make('App\\\\Http\\\\Middle...', Array)
#16 C:\\Users\\54548894829\\Desktop\\portfolio-laravel-skeleton\\portfolio\\vendor\\laravel\\framework\\src\\Illuminate\\Pipeline\\Pipeline.php(169): Illuminate\\Foundation\\Application->make('App\\\\Http\\\\Middle...')
#17 C:\\Users\\54548894829\\Desktop\\portfolio-laravel-skeleton\\portfolio\\vendor\\laravel\\framework\\src\\Illuminate\\Pipeline\\Pipeline.php(116): Illuminate\\Pipeline\\Pipeline->Illuminate\\Pipeline\\{closure}(Object(Illuminate\\Http\\Request))
#18 C:\\Users\\54548894829\\Desktop\\portfolio-laravel-skeleton\\portfolio\\vendor\\laravel\\framework\\src\\Illuminate\\Routing\\Router.php(799): Illuminate\\Pipeline\\Pipeline->then(Object(Closure))
#19 C:\\Users\\54548894829\\Desktop\\portfolio-laravel-skeleton\\portfolio\\vendor\\laravel\\framework\\src\\Illuminate\\Routing\\Router.php(776): Illuminate\\Routing\\Router->runRouteWithinStack(Object(Illuminate\\Routing\\Route), Object(Illuminate\\Http\\Request))
#20 C:\\Users\\54548894829\\Desktop\\portfolio-laravel-skeleton\\portfolio\\vendor\\laravel\\framework\\src\\Illuminate\\Routing\\Router.php(740): Illuminate\\Routing\\Router->runRoute(Object(Illuminate\\Http\\Request), Object(Illuminate\\Routing\\Route))
#21 C:\\Users\\54548894829\\Desktop\\portfolio-laravel-skeleton\\portfolio\\vendor\\laravel\\framework\\src\\Illuminate\\Routing\\Router.php(729): Illuminate\\Routing\\Router->dispatchToRoute(Object(Illuminate\\Http\\Request))
#22 C:\\Users\\54548894829\\Desktop\\portfolio-laravel-skeleton\\portfolio\\vendor\\laravel\\framework\\src\\Illuminate\\Foundation\\Http\\Kernel.php(190): Illuminate\\Routing\\Router->dispatch(Object(Illuminate\\Http\\Request))
#23 C:\\Users\\54548894829\\Desktop\\portfolio-laravel-skeleton\\portfolio\\vendor\\laravel\\framework\\src\\Illuminate\\Pipeline\\Pipeline.php(141): Illuminate\\Foundation\\Http\\Kernel->Illuminate\\Foundation\\Http\\{closure}(Object(Illuminate\\Http\\Request))
#24 C:\\Users\\54548894829\\Desktop\\portfolio-laravel-skeleton\\portfolio\\vendor\\laravel\\framework\\src\\Illuminate\\Foundation\\Http\\Middleware\\TransformsRequest.php(21): Illuminate\\Pipeline\\Pipeline->Illuminate\\Pipeline\\{closure}(Object(Illuminate\\Http\\Request))
#25 C:\\Users\\54548894829\\Desktop\\portfolio-laravel-skeleton\\portfolio\\vendor\\laravel\\framework\\src\\Illuminate\\Foundation\\Http\\Middleware\\ConvertEmptyStringsToNull.php(31): Illuminate\\Foundation\\Http\\Middleware\\TransformsRequest->handle(Object(Illuminate\\Http\\Request), Object(Closure))
#26 C:\\Users\\54548894829\\Desktop\\portfolio-laravel-skeleton\\portfolio\\vendor\\laravel\\framework\\src\\Illuminate\\Pipeline\\Pipeline.php(180): Illuminate\\Foundation\\Http\\Middleware\\ConvertEmptyStringsToNull->handle(Object(Illuminate\\Http\\Request), Object(Closure))
#27 C:\\Users\\54548894829\\Desktop\\portfolio-laravel-skeleton\\portfolio\\vendor\\laravel\\framework\\src\\Illuminate\\Foundation\\Http\\Middleware\\TransformsRequest.php(21): Illuminate\\Pipeline\\Pipeline->Illuminate\\Pipeline\\{closure}(Object(Illuminate\\Http\\Request))
#28 C:\\Users\\54548894829\\Desktop\\portfolio-laravel-skeleton\\portfolio\\vendor\\laravel\\framework\\src\\Illuminate\\Foundation\\Http\\Middleware\\TrimStrings.php(40): Illuminate\\Foundation\\Http\\Middleware\\TransformsRequest->handle(Object(Illuminate\\Http\\Request), Object(Closure))
#29 C:\\Users\\54548894829\\Desktop\\portfolio-laravel-skeleton\\portfolio\\vendor\\laravel\\framework\\src\\Illuminate\\Pipeline\\Pipeline.php(180): Illuminate\\Foundation\\Http\\Middleware\\TrimStrings->handle(Object(Illuminate\\Http\\Request), Object(Closure))
#30 C:\\Users\\54548894829\\Desktop\\portfolio-laravel-skeleton\\portfolio\\vendor\\laravel\\framework\\src\\Illuminate\\Foundation\\Http\\Middleware\\ValidatePostSize.php(27): Illuminate\\Pipeline\\Pipeline->Illuminate\\Pipeline\\{closure}(Object(Illuminate\\Http\\Request))
#31 C:\\Users\\54548894829\\Desktop\\portfolio-laravel-skeleton\\portfolio\\vendor\\laravel\\framework\\src\\Illuminate\\Pipeline\\Pipeline.php(180): Illuminate\\Foundation\\Http\\Middleware\\ValidatePostSize->handle(Object(Illuminate\\Http\\Request), Object(Closure))
#32 C:\\Users\\54548894829\\Desktop\\portfolio-laravel-skeleton\\portfolio\\vendor\\laravel\\framework\\src\\Illuminate\\Foundation\\Http\\Middleware\\PreventRequestsDuringMaintenance.php(86): Illuminate\\Pipeline\\Pipeline->Illuminate\\Pipeline\\{closure}(Object(Illuminate\\Http\\Request))
#33 C:\\Users\\54548894829\\Desktop\\portfolio-laravel-skeleton\\portfolio\\vendor\\laravel\\framework\\src\\Illuminate\\Pipeline\\Pipeline.php(180): Illuminate\\Foundation\\Http\\Middleware\\PreventRequestsDuringMaintenance->handle(Object(Illuminate\\Http\\Request), Object(Closure))
#34 C:\\Users\\54548894829\\Desktop\\portfolio-laravel-skeleton\\portfolio\\vendor\\laravel\\framework\\src\\Illuminate\\Http\\Middleware\\HandleCors.php(49): Illuminate\\Pipeline\\Pipeline->Illuminate\\Pipeline\\{closure}(Object(Illuminate\\Http\\Request))
#35 C:\\Users\\54548894829\\Desktop\\portfolio-laravel-skeleton\\portfolio\\vendor\\laravel\\framework\\src\\Illuminate\\Pipeline\\Pipeline.php(180): Illuminate\\Http\\Middleware\\HandleCors->handle(Object(Illuminate\\Http\\Request), Object(Closure))
#36 C:\\Users\\54548894829\\Desktop\\portfolio-laravel-skeleton\\portfolio\\vendor\\laravel\\framework\\src\\Illuminate\\Http\\Middleware\\TrustProxies.php(39): Illuminate\\Pipeline\\Pipeline->Illuminate\\Pipeline\\{closure}(Object(Illuminate\\Http\\Request))
#37 C:\\Users\\54548894829\\Desktop\\portfolio-laravel-skeleton\\portfolio\\vendor\\laravel\\framework\\src\\Illuminate\\Pipeline\\Pipeline.php(180): Illuminate\\Http\\Middleware\\TrustProxies->handle(Object(Illuminate\\Http\\Request), Object(Closure))
#38 C:\\Users\\54548894829\\Desktop\\portfolio-laravel-skeleton\\portfolio\\vendor\\laravel\\framework\\src\\Illuminate\\Pipeline\\Pipeline.php(116): Illuminate\\Pipeline\\Pipeline->Illuminate\\Pipeline\\{closure}(Object(Illuminate\\Http\\Request))
#39 C:\\Users\\54548894829\\Desktop\\portfolio-laravel-skeleton\\portfolio\\vendor\\laravel\\framework\\src\\Illuminate\\Foundation\\Http\\Kernel.php(165): Illuminate\\Pipeline\\Pipeline->then(Object(Closure))
#40 C:\\Users\\54548894829\\Desktop\\portfolio-laravel-skeleton\\portfolio\\vendor\\laravel\\framework\\src\\Illuminate\\Foundation\\Http\\Kernel.php(134): Illuminate\\Foundation\\Http\\Kernel->sendRequestThroughRouter(Object(Illuminate\\Http\\Request))
#41 C:\\Users\\54548894829\\Desktop\\portfolio-laravel-skeleton\\portfolio\\public\\index.php(19): Illuminate\\Foundation\\Http\\Kernel->handle(Object(Illuminate\\Http\\Request))
#42 C:\\Users\\54548894829\\Desktop\\portfolio-laravel-skeleton\\portfolio\\vendor\\laravel\\framework\\src\\Illuminate\\Foundation\\resources\\server.php(16): require_once('C:\\\\Users\\\\545488...')
#43 {main}
"} 
[2026-09-11 09:51:55] local.ERROR: No application encryption key has been specified. {"exception":"[object] (Illuminate\\Encryption\\MissingAppKeyException(code: 0): No application encryption key has been specified. at C:\\Users\\54548894829\\Desktop\\portfolio-laravel-skeleton\\portfolio\\vendor\\laravel\\framework\\src\\Illuminate\\Encryption\\EncryptionServiceProvider.php:79)
[stacktrace]
#0 C:\\Users\\54548894829\\Desktop\\portfolio-laravel-skeleton\\portfolio\\vendor\\laravel\\framework\\src\\Illuminate\\Support\\helpers.php(319): Illuminate\\Encryption\\EncryptionServiceProvider->Illuminate\\Encryption\\{closure}('')
#1 C:\\Users\\54548894829\\Desktop\\portfolio-laravel-skeleton\\portfolio\\vendor\\laravel\\framework\\src\\Illuminate\\Encryption\\EncryptionServiceProvider.php(81): tap('', Object(Closure))
#2 C:\\Users\\54548894829\\Desktop\\portfolio-laravel-skeleton\\portfolio\\vendor\\laravel\\framework\\src\\Illuminate\\Encryption\\EncryptionServiceProvider.php(60): Illuminate\\Encryption\\EncryptionServiceProvider->key(Array)
#3 C:\\Users\\54548894829\\Desktop\\portfolio-laravel-skeleton\\portfolio\\vendor\\laravel\\framework\\src\\Illuminate\\Encryption\\EncryptionServiceProvider.php(32): Illuminate\\Encryption\\EncryptionServiceProvider->parseKey(Array)
#4 C:\\Users\\54548894829\\Desktop\\portfolio-laravel-skeleton\\portfolio\\vendor\\laravel\\framework\\src\\Illuminate\\Container\\Container.php(885): Illuminate\\Encryption\\EncryptionServiceProvider->Illuminate\\Encryption\\{closure}(Object(Illuminate\\Foundation\\Application), Array)
#5 C:\\Users\\54548894829\\Desktop\\portfolio-laravel-skeleton\\portfolio\\vendor\\laravel\\framework\\src\\Illuminate\\Container\\Container.php(770): Illuminate\\Container\\Container->build(Object(Closure))
#6 C:\\Users\\54548894829\\Desktop\\portfolio-laravel-skeleton\\portfolio\\vendor\\laravel\\framework\\src\\Illuminate\\Foundation\\Application.php(881): Illuminate\\Container\\Container->resolve('encrypter', Array, true)
#7 C:\\Users\\54548894829\\Desktop\\portfolio-laravel-skeleton\\portfolio\\vendor\\laravel\\framework\\src\\Illuminate\\Container\\Container.php(706): Illuminate\\Foundation\\Application->resolve('encrypter', Array)
#8 C:\\Users\\54548894829\\Desktop\\portfolio-laravel-skeleton\\portfolio\\vendor\\laravel\\framework\\src\\Illuminate\\Foundation\\Application.php(866): Illuminate\\Container\\Container->make('encrypter', Array)
#9 C:\\Users\\54548894829\\Desktop\\portfolio-laravel-skeleton\\portfolio\\vendor\\laravel\\framework\\src\\Illuminate\\Container\\Container.php(1043): Illuminate\\Foundation\\Application->make('encrypter')
#10 C:\\Users\\54548894829\\Desktop\\portfolio-laravel-skeleton\\portfolio\\vendor\\laravel\\framework\\src\\Illuminate\\Container\\Container.php(959): Illuminate\\Container\\Container->resolveClass(Object(ReflectionParameter))
#11 C:\\Users\\54548894829\\Desktop\\portfolio-laravel-skeleton\\portfolio\\vendor\\laravel\\framework\\src\\Illuminate\\Container\\Container.php(920): Illuminate\\Container\\Container->resolveDependencies(Array)
#12 C:\\Users\\54548894829\\Desktop\\portfolio-laravel-skeleton\\portfolio\\vendor\\laravel\\framework\\src\\Illuminate\\Container\\Container.php(770): Illuminate\\Container\\Container->build('App\\\\Http\\\\Middle...')
#13 C:\\Users\\54548894829\\Desktop\\portfolio-laravel-skeleton\\portfolio\\vendor\\laravel\\framework\\src\\Illuminate\\Foundation\\Application.php(881): Illuminate\\Container\\Container->resolve('App\\\\Http\\\\Middle...', Array, true)
#14 C:\\Users\\54548894829\\Desktop\\portfolio-laravel-skeleton\\portfolio\\vendor\\laravel\\framework\\src\\Illuminate\\Container\\Container.php(706): Illuminate\\Foundation\\Application->resolve('App\\\\Http\\\\Middle...', Array)
#15 C:\\Users\\54548894829\\Desktop\\portfolio-laravel-skeleton\\portfolio\\vendor\\laravel\\framework\\src\\Illuminate\\Foundation\\Application.php(866): Illuminate\\Container\\Container->make('App\\\\Http\\\\Middle...', Array)
#16 C:\\Users\\54548894829\\Desktop\\portfolio-laravel-skeleton\\portfolio\\vendor\\laravel\\framework\\src\\Illuminate\\Foundation\\Http\\Kernel.php(239): Illuminate\\Foundation\\Application->make('App\\\\Http\\\\Middle...')
#17 C:\\Users\\54548894829\\Desktop\\portfolio-laravel-skeleton\\portfolio\\vendor\\laravel\\framework\\src\\Illuminate\\Foundation\\Http\\Kernel.php(203): Illuminate\\Foundation\\Http\\Kernel->terminateMiddleware(Object(Illuminate\\Http\\Request), Object(Illuminate\\Http\\Response))
#18 C:\\Users\\54548894829\\Desktop\\portfolio-laravel-skeleton\\portfolio\\public\\index.php(22): Illuminate\\Foundation\\Http\\Kernel->terminate(Object(Illuminate\\Http\\Request), Object(Illuminate\\Http\\Response))
#19 C:\\Users\\54548894829\\Desktop\\portfolio-laravel-skeleton\\portfolio\\vendor\\laravel\\framework\\src\\Illuminate\\Foundation\\resources\\server.php(16): require_once('C:\\\\Users\\\\545488...')
#20 {main}
"} 
[2026-09-11 09:53:26] local.ERROR: SQLSTATE[HY000]: General error: 1 no such table: sessions (SQL: select * from "sessions" where "id" = gDjnkG8WxJclgYpE52EeRPC9sHyKw7GyutZx5og4 limit 1) {"exception":"[object] (Illuminate\\Database\\QueryException(code: HY000): SQLSTATE[HY000]: General error: 1 no such table: sessions (SQL: select * from \"sessions\" where \"id\" = gDjnkG8WxJclgYpE52EeRPC9sHyKw7GyutZx5og4 limit 1) at C:\\Users\\54548894829\\Desktop\\portfolio-laravel-skeleton\\portfolio\\vendor\\laravel\\framework\\src\\Illuminate\\Database\\Connection.php:760)
[stacktrace]
#0 C:\\Users\\54548894829\\Desktop\\portfolio-laravel-skeleton\\portfolio\\vendor\\laravel\\framework\\src\\Illuminate\\Database\\Connection.php(720): Illuminate\\Database\\Connection->runQueryCallback('select * from \"...', Array, Object(Closure))
#1 C:\\Users\\54548894829\\Desktop\\portfolio-laravel-skeleton\\portfolio\\vendor\\laravel\\framework\\src\\Illuminate\\Database\\Connection.php(422): Illuminate\\Database\\Connection->run('select * from \"...', Array, Object(Closure))
#2 C:\\Users\\54548894829\\Desktop\\portfolio-laravel-skeleton\\portfolio\\vendor\\laravel\\framework\\src\\Illuminate\\Database\\Query\\Builder.php(2706): Illuminate\\Database\\Connection->select('select * from \"...', Array, true)
#3 C:\\Users\\54548894829\\Desktop\\portfolio-laravel-skeleton\\portfolio\\vendor\\laravel\\framework\\src\\Illuminate\\Database\\Query\\Builder.php(2694): Illuminate\\Database\\Query\\Builder->runSelect()
#4 C:\\Users\\54548894829\\Desktop\\portfolio-laravel-skeleton\\portfolio\\vendor\\laravel\\framework\\src\\Illuminate\\Database\\Query\\Builder.php(3230): Illuminate\\Database\\Query\\Builder->Illuminate\\Database\\Query\\{closure}()
#5 C:\\Users\\54548894829\\Desktop\\portfolio-laravel-skeleton\\portfolio\\vendor\\laravel\\framework\\src\\Illuminate\\Database\\Query\\Builder.php(2695): Illuminate\\Database\\Query\\Builder->onceWithColumns(Array, Object(Closure))
#6 C:\\Users\\54548894829\\Desktop\\portfolio-laravel-skeleton\\portfolio\\vendor\\laravel\\framework\\src\\Illuminate\\Database\\Concerns\\BuildsQueries.php(296): Illuminate\\Database\\Query\\Builder->get(Array)
#7 C:\\Users\\54548894829\\Desktop\\portfolio-laravel-skeleton\\portfolio\\vendor\\laravel\\framework\\src\\Illuminate\\Database\\Query\\Builder.php(2616): Illuminate\\Database\\Query\\Builder->first(Array)
#8 C:\\Users\\54548894829\\Desktop\\portfolio-laravel-skeleton\\portfolio\\vendor\\laravel\\framework\\src\\Illuminate\\Session\\DatabaseSessionHandler.php(97): Illuminate\\Database\\Query\\Builder->find('gDjnkG8WxJclgYp...')
#9 C:\\Users\\54548894829\\Desktop\\portfolio-laravel-skeleton\\portfolio\\vendor\\laravel\\framework\\src\\Illuminate\\Session\\Store.php(113): Illuminate\\Session\\DatabaseSessionHandler->read('gDjnkG8WxJclgYp...')
#10 C:\\Users\\54548894829\\Desktop\\portfolio-laravel-skeleton\\portfolio\\vendor\\laravel\\framework\\src\\Illuminate\\Session\\Store.php(101): Illuminate\\Session\\Store->readFromHandler()
#11 C:\\Users\\54548894829\\Desktop\\portfolio-laravel-skeleton\\portfolio\\vendor\\laravel\\framework\\src\\Illuminate\\Session\\Store.php(85): Illuminate\\Session\\Store->loadSession()
#12 C:\\Users\\54548894829\\Desktop\\portfolio-laravel-skeleton\\portfolio\\vendor\\laravel\\framework\\src\\Illuminate\\Session\\Middleware\\StartSession.php(147): Illuminate\\Session\\Store->start()
#13 C:\\Users\\54548894829\\Desktop\\portfolio-laravel-skeleton\\portfolio\\vendor\\laravel\\framework\\src\\Illuminate\\Support\\helpers.php(319): Illuminate\\Session\\Middleware\\StartSession->Illuminate\\Session\\Middleware\\{closure}(Object(Illuminate\\Session\\Store))
#14 C:\\Users\\54548894829\\Desktop\\portfolio-laravel-skeleton\\portfolio\\vendor\\laravel\\framework\\src\\Illuminate\\Session\\Middleware\\StartSession.php(148): tap(Object(Illuminate\\Session\\Store), Object(Closure))
#15 C:\\Users\\54548894829\\Desktop\\portfolio-laravel-skeleton\\portfolio\\vendor\\laravel\\framework\\src\\Illuminate\\Session\\Middleware\\StartSession.php(116): Illuminate\\Session\\Middleware\\StartSession->startSession(Object(Illuminate\\Http\\Request), Object(Illuminate\\Session\\Store))
#16 C:\\Users\\54548894829\\Desktop\\portfolio-laravel-skeleton\\portfolio\\vendor\\laravel\\framework\\src\\Illuminate\\Session\\Middleware\\StartSession.php(64): Illuminate\\Session\\Middleware\\StartSession->handleStatefulRequest(Object(Illuminate\\Http\\Request), Object(Illuminate\\Session\\Store), Object(Closure))
#17 C:\\Users\\54548894829\\Desktop\\portfolio-laravel-skeleton\\portfolio\\vendor\\laravel\\framework\\src\\Illuminate\\Pipeline\\Pipeline.php(180): Illuminate\\Session\\Middleware\\StartSession->handle(Object(Illuminate\\Http\\Request), Object(Closure))
#18 C:\\Users\\54548894829\\Desktop\\portfolio-laravel-skeleton\\portfolio\\vendor\\laravel\\framework\\src\\Illuminate\\Cookie\\Middleware\\AddQueuedCookiesToResponse.php(37): Illuminate\\Pipeline\\Pipeline->Illuminate\\Pipeline\\{closure}(Object(Illuminate\\Http\\Request))
#19 C:\\Users\\54548894829\\Desktop\\portfolio-laravel-skeleton\\portfolio\\vendor\\laravel\\framework\\src\\Illuminate\\Pipeline\\Pipeline.php(180): Illuminate\\Cookie\\Middleware\\AddQueuedCookiesToResponse->handle(Object(Illuminate\\Http\\Request), Object(Closure))
#20 C:\\Users\\54548894829\\Desktop\\portfolio-laravel-skeleton\\portfolio\\vendor\\laravel\\framework\\src\\Illuminate\\Cookie\\Middleware\\EncryptCookies.php(67): Illuminate\\Pipeline\\Pipeline->Illuminate\\Pipeline\\{closure}(Object(Illuminate\\Http\\Request))
#21 C:\\Users\\54548894829\\Desktop\\portfolio-laravel-skeleton\\portfolio\\vendor\\laravel\\framework\\src\\Illuminate\\Pipeline\\Pipeline.php(180): Illuminate\\Cookie\\Middleware\\EncryptCookies->handle(Object(Illuminate\\Http\\Request), Object(Closure))
#22 C:\\Users\\54548894829\\Desktop\\portfolio-laravel-skeleton\\portfolio\\vendor\\laravel\\framework\\src\\Illuminate\\Pipeline\\Pipeline.php(116): Illuminate\\Pipeline\\Pipeline->Illuminate\\Pipeline\\{closure}(Object(Illuminate\\Http\\Request))
#23 C:\\Users\\54548894829\\Desktop\\portfolio-laravel-skeleton\\portfolio\\vendor\\laravel\\framework\\src\\Illuminate\\Routing\\Router.php(799): Illuminate\\Pipeline\\Pipeline->then(Object(Closure))
#24 C:\\Users\\54548894829\\Desktop\\portfolio-laravel-skeleton\\portfolio\\vendor\\laravel\\framework\\src\\Illuminate\\Routing\\Router.php(776): Illuminate\\Routing\\Router->runRouteWithinStack(Object(Illuminate\\Routing\\Route), Object(Illuminate\\Http\\Request))
#25 C:\\Users\\54548894829\\Desktop\\portfolio-laravel-skeleton\\portfolio\\vendor\\laravel\\framework\\src\\Illuminate\\Routing\\Router.php(740): Illuminate\\Routing\\Router->runRoute(Object(Illuminate\\Http\\Request), Object(Illuminate\\Routing\\Route))
#26 C:\\Users\\54548894829\\Desktop\\portfolio-laravel-skeleton\\portfolio\\vendor\\laravel\\framework\\src\\Illuminate\\Routing\\Router.php(729): Illuminate\\Routing\\Router->dispatchToRoute(Object(Illuminate\\Http\\Request))
#27 C:\\Users\\54548894829\\Desktop\\portfolio-laravel-skeleton\\portfolio\\vendor\\laravel\\framework\\src\\Illuminate\\Foundation\\Http\\Kernel.php(190): Illuminate\\Routing\\Router->dispatch(Object(Illuminate\\Http\\Request))
#28 C:\\Users\\54548894829\\Desktop\\portfolio-laravel-skeleton\\portfolio\\vendor\\laravel\\framework\\src\\Illuminate\\Pipeline\\Pipeline.php(141): Illuminate\\Foundation\\Http\\Kernel->Illuminate\\Foundation\\Http\\{closure}(Object(Illuminate\\Http\\Request))
#29 C:\\Users\\54548894829\\Desktop\\portfolio-laravel-skeleton\\portfolio\\vendor\\laravel\\framework\\src\\Illuminate\\Foundation\\Http\\Middleware\\TransformsRequest.php(21): Illuminate\\Pipeline\\Pipeline->Illuminate\\Pipeline\\{closure}(Object(Illuminate\\Http\\Request))
#30 C:\\Users\\54548894829\\Desktop\\portfolio-laravel-skeleton\\portfolio\\vendor\\laravel\\framework\\src\\Illuminate\\Foundation\\Http\\Middleware\\ConvertEmptyStringsToNull.php(31): Illuminate\\Foundation\\Http\\Middleware\\TransformsRequest->handle(Object(Illuminate\\Http\\Request), Object(Closure))
#31 C:\\Users\\54548894829\\Desktop\\portfolio-laravel-skeleton\\portfolio\\vendor\\laravel\\framework\\src\\Illuminate\\Pipeline\\Pipeline.php(180): Illuminate\\Foundation\\Http\\Middleware\\ConvertEmptyStringsToNull->handle(Object(Illuminate\\Http\\Request), Object(Closure))
#32 C:\\Users\\54548894829\\Desktop\\portfolio-laravel-skeleton\\portfolio\\vendor\\laravel\\framework\\src\\Illuminate\\Foundation\\Http\\Middleware\\TransformsRequest.php(21): Illuminate\\Pipeline\\Pipeline->Illuminate\\Pipeline\\{closure}(Object(Illuminate\\Http\\Request))
#33 C:\\Users\\54548894829\\Desktop\\portfolio-laravel-skeleton\\portfolio\\vendor\\laravel\\framework\\src\\Illuminate\\Foundation\\Http\\Middleware\\TrimStrings.php(40): Illuminate\\Foundation\\Http\\Middleware\\TransformsRequest->handle(Object(Illuminate\\Http\\Request), Object(Closure))
#34 C:\\Users\\54548894829\\Desktop\\portfolio-laravel-skeleton\\portfolio\\vendor\\laravel\\framework\\src\\Illuminate\\Pipeline\\Pipeline.php(180): Illuminate\\Foundation\\Http\\Middleware\\TrimStrings->handle(Object(Illuminate\\Http\\Request), Object(Closure))
#35 C:\\Users\\54548894829\\Desktop\\portfolio-laravel-skeleton\\portfolio\\vendor\\laravel\\framework\\src\\Illuminate\\Foundation\\Http\\Middleware\\ValidatePostSize.php(27): Illuminate\\Pipeline\\Pipeline->Illuminate\\Pipeline\\{closure}(Object(Illuminate\\Http\\Request))
#36 C:\\Users\\54548894829\\Desktop\\portfolio-laravel-skeleton\\portfolio\\vendor\\laravel\\framework\\src\\Illuminate\\Pipeline\\Pipeline.php(180): Illuminate\\Foundation\\Http\\Middleware\\ValidatePostSize->handle(Object(Illuminate\\Http\\Request), Object(Closure))
#37 C:\\Users\\54548894829\\Desktop\\portfolio-laravel-skeleton\\portfolio\\vendor\\laravel\\framework\\src\\Illuminate\\Foundation\\Http\\Middleware\\PreventRequestsDuringMaintenance.php(86): Illuminate\\Pipeline\\Pipeline->Illuminate\\Pipeline\\{closure}(Object(Illuminate\\Http\\Request))
#38 C:\\Users\\54548894829\\Desktop\\portfolio-laravel-skeleton\\portfolio\\vendor\\laravel\\framework\\src\\Illuminate\\Pipeline\\Pipeline.php(180): Illuminate\\Foundation\\Http\\Middleware\\PreventRequestsDuringMaintenance->handle(Object(Illuminate\\Http\\Request), Object(Closure))
#39 C:\\Users\\54548894829\\Desktop\\portfolio-laravel-skeleton\\portfolio\\vendor\\laravel\\framework\\src\\Illuminate\\Http\\Middleware\\HandleCors.php(49): Illuminate\\Pipeline\\Pipeline->Illuminate\\Pipeline\\{closure}(Object(Illuminate\\Http\\Request))
#40 C:\\Users\\54548894829\\Desktop\\portfolio-laravel-skeleton\\portfolio\\vendor\\laravel\\framework\\src\\Illuminate\\Pipeline\\Pipeline.php(180): Illuminate\\Http\\Middleware\\HandleCors->handle(Object(Illuminate\\Http\\Request), Object(Closure))
#41 C:\\Users\\54548894829\\Desktop\\portfolio-laravel-skeleton\\portfolio\\vendor\\laravel\\framework\\src\\Illuminate\\Http\\Middleware\\TrustProxies.php(39): Illuminate\\Pipeline\\Pipeline->Illuminate\\Pipeline\\{closure}(Object(Illuminate\\Http\\Request))
#42 C:\\Users\\54548894829\\Desktop\\portfolio-laravel-skeleton\\portfolio\\vendor\\laravel\\framework\\src\\Illuminate\\Pipeline\\Pipeline.php(180): Illuminate\\Http\\Middleware\\TrustProxies->handle(Object(Illuminate\\Http\\Request), Object(Closure))
#43 C:\\Users\\54548894829\\Desktop\\portfolio-laravel-skeleton\\portfolio\\vendor\\laravel\\framework\\src\\Illuminate\\Pipeline\\Pipeline.php(116): Illuminate\\Pipeline\\Pipeline->Illuminate\\Pipeline\\{closure}(Object(Illuminate\\Http\\Request))
#44 C:\\Users\\54548894829\\Desktop\\portfolio-laravel-skeleton\\portfolio\\vendor\\laravel\\framework\\src\\Illuminate\\Foundation\\Http\\Kernel.php(165): Illuminate\\Pipeline\\Pipeline->then(Object(Closure))
#45 C:\\Users\\54548894829\\Desktop\\portfolio-laravel-skeleton\\portfolio\\vendor\\laravel\\framework\\src\\Illuminate\\Foundation\\Http\\Kernel.php(134): Illuminate\\Foundation\\Http\\Kernel->sendRequestThroughRouter(Object(Illuminate\\Http\\Request))
#46 C:\\Users\\54548894829\\Desktop\\portfolio-laravel-skeleton\\portfolio\\public\\index.php(19): Illuminate\\Foundation\\Http\\Kernel->handle(Object(Illuminate\\Http\\Request))
#47 C:\\Users\\54548894829\\Desktop\\portfolio-laravel-skeleton\\portfolio\\vendor\\laravel\\framework\\src\\Illuminate\\Foundation\\resources\\server.php(16): require_once('C:\\\\Users\\\\545488...')
#48 {main}

[previous exception] [object] (PDOException(code: HY000): SQLSTATE[HY000]: General error: 1 no such table: sessions at C:\\Users\\54548894829\\Desktop\\portfolio-laravel-skeleton\\portfolio\\vendor\\laravel\\framework\\src\\Illuminate\\Database\\Connection.php:414)
[stacktrace]
#0 C:\\Users\\54548894829\\Desktop\\portfolio-laravel-skeleton\\portfolio\\vendor\\laravel\\framework\\src\\Illuminate\\Database\\Connection.php(414): PDO->prepare('select * from \"...')
#1 C:\\Users\\54548894829\\Desktop\\portfolio-laravel-skeleton\\portfolio\\vendor\\laravel\\framework\\src\\Illuminate\\Database\\Connection.php(753): Illuminate\\Database\\Connection->Illuminate\\Database\\{closure}('select * from \"...', Array)
#2 C:\\Users\\54548894829\\Desktop\\portfolio-laravel-skeleton\\portfolio\\vendor\\laravel\\framework\\src\\Illuminate\\Database\\Connection.php(720): Illuminate\\Database\\Connection->runQueryCallback('select * from \"...', Array, Object(Closure))
#3 C:\\Users\\54548894829\\Desktop\\portfolio-laravel-skeleton\\portfolio\\vendor\\laravel\\framework\\src\\Illuminate\\Database\\Connection.php(422): Illuminate\\Database\\Connection->run('select * from \"...', Array, Object(Closure))
#4 C:\\Users\\54548894829\\Desktop\\portfolio-laravel-skeleton\\portfolio\\vendor\\laravel\\framework\\src\\Illuminate\\Database\\Query\\Builder.php(2706): Illuminate\\Database\\Connection->select('select * from \"...', Array, true)
#5 C:\\Users\\54548894829\\Desktop\\portfolio-laravel-skeleton\\portfolio\\vendor\\laravel\\framework\\src\\Illuminate\\Database\\Query\\Builder.php(2694): Illuminate\\Database\\Query\\Builder->runSelect()
#6 C:\\Users\\54548894829\\Desktop\\portfolio-laravel-skeleton\\portfolio\\vendor\\laravel\\framework\\src\\Illuminate\\Database\\Query\\Builder.php(3230): Illuminate\\Database\\Query\\Builder->Illuminate\\Database\\Query\\{closure}()
#7 C:\\Users\\54548894829\\Desktop\\portfolio-laravel-skeleton\\portfolio\\vendor\\laravel\\framework\\src\\Illuminate\\Database\\Query\\Builder.php(2695): Illuminate\\Database\\Query\\Builder->onceWithColumns(Array, Object(Closure))
#8 C:\\Users\\54548894829\\Desktop\\portfolio-laravel-skeleton\\portfolio\\vendor\\laravel\\framework\\src\\Illuminate\\Database\\Concerns\\BuildsQueries.php(296): Illuminate\\Database\\Query\\Builder->get(Array)
#9 C:\\Users\\54548894829\\Desktop\\portfolio-laravel-skeleton\\portfolio\\vendor\\laravel\\framework\\src\\Illuminate\\Database\\Query\\Builder.php(2616): Illuminate\\Database\\Query\\Builder->first(Array)
#10 C:\\Users\\54548894829\\Desktop\\portfolio-laravel-skeleton\\portfolio\\vendor\\laravel\\framework\\src\\Illuminate\\Session\\DatabaseSessionHandler.php(97): Illuminate\\Database\\Query\\Builder->find('gDjnkG8WxJclgYp...')
#11 C:\\Users\\54548894829\\Desktop\\portfolio-laravel-skeleton\\portfolio\\vendor\\laravel\\framework\\src\\Illuminate\\Session\\Store.php(113): Illuminate\\Session\\DatabaseSessionHandler->read('gDjnkG8WxJclgYp...')
#12 C:\\Users\\54548894829\\Desktop\\portfolio-laravel-skeleton\\portfolio\\vendor\\laravel\\framework\\src\\Illuminate\\Session\\Store.php(101): Illuminate\\Session\\Store->readFromHandler()
#13 C:\\Users\\54548894829\\Desktop\\portfolio-laravel-skeleton\\portfolio\\vendor\\laravel\\framework\\src\\Illuminate\\Session\\Store.php(85): Illuminate\\Session\\Store->loadSession()
#14 C:\\Users\\54548894829\\Desktop\\portfolio-laravel-skeleton\\portfolio\\vendor\\laravel\\framework\\src\\Illuminate\\Session\\Middleware\\StartSession.php(147): Illuminate\\Session\\Store->start()
#15 C:\\Users\\54548894829\\Desktop\\portfolio-laravel-skeleton\\portfolio\\vendor\\laravel\\framework\\src\\Illuminate\\Support\\helpers.php(319): Illuminate\\Session\\Middleware\\StartSession->Illuminate\\Session\\Middleware\\{closure}(Object(Illuminate\\Session\\Store))
#16 C:\\Users\\54548894829\\Desktop\\portfolio-laravel-skeleton\\portfolio\\vendor\\laravel\\framework\\src\\Illuminate\\Session\\Middleware\\StartSession.php(148): tap(Object(Illuminate\\Session\\Store), Object(Closure))
#17 C:\\Users\\54548894829\\Desktop\\portfolio-laravel-skeleton\\portfolio\\vendor\\laravel\\framework\\src\\Illuminate\\Session\\Middleware\\StartSession.php(116): Illuminate\\Session\\Middleware\\StartSession->startSession(Object(Illuminate\\Http\\Request), Object(Illuminate\\Session\\Store))
#18 C:\\Users\\54548894829\\Desktop\\portfolio-laravel-skeleton\\portfolio\\vendor\\laravel\\framework\\src\\Illuminate\\Session\\Middleware\\StartSession.php(64): Illuminate\\Session\\Middleware\\StartSession->handleStatefulRequest(Object(Illuminate\\Http\\Request), Object(Illuminate\\Session\\Store), Object(Closure))
#19 C:\\Users\\54548894829\\Desktop\\portfolio-laravel-skeleton\\portfolio\\vendor\\laravel\\framework\\src\\Illuminate\\Pipeline\\Pipeline.php(180): Illuminate\\Session\\Middleware\\StartSession->handle(Object(Illuminate\\Http\\Request), Object(Closure))
#20 C:\\Users\\54548894829\\Desktop\\portfolio-laravel-skeleton\\portfolio\\vendor\\laravel\\framework\\src\\Illuminate\\Cookie\\Middleware\\AddQueuedCookiesToResponse.php(37): Illuminate\\Pipeline\\Pipeline->Illuminate\\Pipeline\\{closure}(Object(Illuminate\\Http\\Request))
#21 C:\\Users\\54548894829\\Desktop\\portfolio-laravel-skeleton\\portfolio\\vendor\\laravel\\framework\\src\\Illuminate\\Pipeline\\Pipeline.php(180): Illuminate\\Cookie\\Middleware\\AddQueuedCookiesToResponse->handle(Object(Illuminate\\Http\\Request), Object(Closure))
#22 C:\\Users\\54548894829\\Desktop\\portfolio-laravel-skeleton\\portfolio\\vendor\\laravel\\framework\\src\\Illuminate\\Cookie\\Middleware\\EncryptCookies.php(67): Illuminate\\Pipeline\\Pipeline->Illuminate\\Pipeline\\{closure}(Object(Illuminate\\Http\\Request))
#23 C:\\Users\\54548894829\\Desktop\\portfolio-laravel-skeleton\\portfolio\\vendor\\laravel\\framework\\src\\Illuminate\\Pipeline\\Pipeline.php(180): Illuminate\\Cookie\\Middleware\\EncryptCookies->handle(Object(Illuminate\\Http\\Request), Object(Closure))
#24 C:\\Users\\54548894829\\Desktop\\portfolio-laravel-skeleton\\portfolio\\vendor\\laravel\\framework\\src\\Illuminate\\Pipeline\\Pipeline.php(116): Illuminate\\Pipeline\\Pipeline->Illuminate\\Pipeline\\{closure}(Object(Illuminate\\Http\\Request))
#25 C:\\Users\\54548894829\\Desktop\\portfolio-laravel-skeleton\\portfolio\\vendor\\laravel\\framework\\src\\Illuminate\\Routing\\Router.php(799): Illuminate\\Pipeline\\Pipeline->then(Object(Closure))
#26 C:\\Users\\54548894829\\Desktop\\portfolio-laravel-skeleton\\portfolio\\vendor\\laravel\\framework\\src\\Illuminate\\Routing\\Router.php(776): Illuminate\\Routing\\Router->runRouteWithinStack(Object(Illuminate\\Routing\\Route), Object(Illuminate\\Http\\Request))
#27 C:\\Users\\54548894829\\Desktop\\portfolio-laravel-skeleton\\portfolio\\vendor\\laravel\\framework\\src\\Illuminate\\Routing\\Router.php(740): Illuminate\\Routing\\Router->runRoute(Object(Illuminate\\Http\\Request), Object(Illuminate\\Routing\\Route))
#28 C:\\Users\\54548894829\\Desktop\\portfolio-laravel-skeleton\\portfolio\\vendor\\laravel\\framework\\src\\Illuminate\\Routing\\Router.php(729): Illuminate\\Routing\\Router->dispatchToRoute(Object(Illuminate\\Http\\Request))
#29 C:\\Users\\54548894829\\Desktop\\portfolio-laravel-skeleton\\portfolio\\vendor\\laravel\\framework\\src\\Illuminate\\Foundation\\Http\\Kernel.php(190): Illuminate\\Routing\\Router->dispatch(Object(Illuminate\\Http\\Request))
#30 C:\\Users\\54548894829\\Desktop\\portfolio-laravel-skeleton\\portfolio\\vendor\\laravel\\framework\\src\\Illuminate\\Pipeline\\Pipeline.php(141): Illuminate\\Foundation\\Http\\Kernel->Illuminate\\Foundation\\Http\\{closure}(Object(Illuminate\\Http\\Request))
#31 C:\\Users\\54548894829\\Desktop\\portfolio-laravel-skeleton\\portfolio\\vendor\\laravel\\framework\\src\\Illuminate\\Foundation\\Http\\Middleware\\TransformsRequest.php(21): Illuminate\\Pipeline\\Pipeline->Illuminate\\Pipeline\\{closure}(Object(Illuminate\\Http\\Request))
#32 C:\\Users\\54548894829\\Desktop\\portfolio-laravel-skeleton\\portfolio\\vendor\\laravel\\framework\\src\\Illuminate\\Foundation\\Http\\Middleware\\ConvertEmptyStringsToNull.php(31): Illuminate\\Foundation\\Http\\Middleware\\TransformsRequest->handle(Object(Illuminate\\Http\\Request), Object(Closure))
#33 C:\\Users\\54548894829\\Desktop\\portfolio-laravel-skeleton\\portfolio\\vendor\\laravel\\framework\\src\\Illuminate\\Pipeline\\Pipeline.php(180): Illuminate\\Foundation\\Http\\Middleware\\ConvertEmptyStringsToNull->handle(Object(Illuminate\\Http\\Request), Object(Closure))
#34 C:\\Users\\54548894829\\Desktop\\portfolio-laravel-skeleton\\portfolio\\vendor\\laravel\\framework\\src\\Illuminate\\Foundation\\Http\\Middleware\\TransformsRequest.php(21): Illuminate\\Pipeline\\Pipeline->Illuminate\\Pipeline\\{closure}(Object(Illuminate\\Http\\Request))
#35 C:\\Users\\54548894829\\Desktop\\portfolio-laravel-skeleton\\portfolio\\vendor\\laravel\\framework\\src\\Illuminate\\Foundation\\Http\\Middleware\\TrimStrings.php(40): Illuminate\\Foundation\\Http\\Middleware\\TransformsRequest->handle(Object(Illuminate\\Http\\Request), Object(Closure))
#36 C:\\Users\\54548894829\\Desktop\\portfolio-laravel-skeleton\\portfolio\\vendor\\laravel\\framework\\src\\Illuminate\\Pipeline\\Pipeline.php(180): Illuminate\\Foundation\\Http\\Middleware\\TrimStrings->handle(Object(Illuminate\\Http\\Request), Object(Closure))
#37 C:\\Users\\54548894829\\Desktop\\portfolio-laravel-skeleton\\portfolio\\vendor\\laravel\\framework\\src\\Illuminate\\Foundation\\Http\\Middleware\\ValidatePostSize.php(27): Illuminate\\Pipeline\\Pipeline->Illuminate\\Pipeline\\{closure}(Object(Illuminate\\Http\\Request))
#38 C:\\Users\\54548894829\\Desktop\\portfolio-laravel-skeleton\\portfolio\\vendor\\laravel\\framework\\src\\Illuminate\\Pipeline\\Pipeline.php(180): Illuminate\\Foundation\\Http\\Middleware\\ValidatePostSize->handle(Object(Illuminate\\Http\\Request), Object(Closure))
#39 C:\\Users\\54548894829\\Desktop\\portfolio-laravel-skeleton\\portfolio\\vendor\\laravel\\framework\\src\\Illuminate\\Foundation\\Http\\Middleware\\PreventRequestsDuringMaintenance.php(86): Illuminate\\Pipeline\\Pipeline->Illuminate\\Pipeline\\{closure}(Object(Illuminate\\Http\\Request))
#40 C:\\Users\\54548894829\\Desktop\\portfolio-laravel-skeleton\\portfolio\\vendor\\laravel\\framework\\src\\Illuminate\\Pipeline\\Pipeline.php(180): Illuminate\\Foundation\\Http\\Middleware\\PreventRequestsDuringMaintenance->handle(Object(Illuminate\\Http\\Request), Object(Closure))
#41 C:\\Users\\54548894829\\Desktop\\portfolio-laravel-skeleton\\portfolio\\vendor\\laravel\\framework\\src\\Illuminate\\Http\\Middleware\\HandleCors.php(49): Illuminate\\Pipeline\\Pipeline->Illuminate\\Pipeline\\{closure}(Object(Illuminate\\Http\\Request))
#42 C:\\Users\\54548894829\\Desktop\\portfolio-laravel-skeleton\\portfolio\\vendor\\laravel\\framework\\src\\Illuminate\\Pipeline\\Pipeline.php(180): Illuminate\\Http\\Middleware\\HandleCors->handle(Object(Illuminate\\Http\\Request), Object(Closure))
#43 C:\\Users\\54548894829\\Desktop\\portfolio-laravel-skeleton\\portfolio\\vendor\\laravel\\framework\\src\\Illuminate\\Http\\Middleware\\TrustProxies.php(39): Illuminate\\Pipeline\\Pipeline->Illuminate\\Pipeline\\{closure}(Object(Illuminate\\Http\\Request))
#44 C:\\Users\\54548894829\\Desktop\\portfolio-laravel-skeleton\\portfolio\\vendor\\laravel\\framework\\src\\Illuminate\\Pipeline\\Pipeline.php(180): Illuminate\\Http\\Middleware\\TrustProxies->handle(Object(Illuminate\\Http\\Request), Object(Closure))
#45 C:\\Users\\54548894829\\Desktop\\portfolio-laravel-skeleton\\portfolio\\vendor\\laravel\\framework\\src\\Illuminate\\Pipeline\\Pipeline.php(116): Illuminate\\Pipeline\\Pipeline->Illuminate\\Pipeline\\{closure}(Object(Illuminate\\Http\\Request))
#46 C:\\Users\\54548894829\\Desktop\\portfolio-laravel-skeleton\\portfolio\\vendor\\laravel\\framework\\src\\Illuminate\\Foundation\\Http\\Kernel.php(165): Illuminate\\Pipeline\\Pipeline->then(Object(Closure))
#47 C:\\Users\\54548894829\\Desktop\\portfolio-laravel-skeleton\\portfolio\\vendor\\laravel\\framework\\src\\Illuminate\\Foundation\\Http\\Kernel.php(134): Illuminate\\Foundation\\Http\\Kernel->sendRequestThroughRouter(Object(Illuminate\\Http\\Request))
#48 C:\\Users\\54548894829\\Desktop\\portfolio-laravel-skeleton\\portfolio\\public\\index.php(19): Illuminate\\Foundation\\Http\\Kernel->handle(Object(Illuminate\\Http\\Request))
#49 C:\\Users\\54548894829\\Desktop\\portfolio-laravel-skeleton\\portfolio\\vendor\\laravel\\framework\\src\\Illuminate\\Foundation\\resources\\server.php(16): require_once('C:\\\\Users\\\\545488...')
#50 {main}
"} 
[2026-09-11 09:53:29] local.ERROR: SQLSTATE[HY000]: General error: 1 no such table: sessions (SQL: select * from "sessions" where "id" = qaUMOkJj4NiJ2cHOOs9wuKdAyEsJy8OkkjLvjHWT limit 1) {"exception":"[object] (Illuminate\\Database\\QueryException(code: HY000): SQLSTATE[HY000]: General error: 1 no such table: sessions (SQL: select * from \"sessions\" where \"id\" = qaUMOkJj4NiJ2cHOOs9wuKdAyEsJy8OkkjLvjHWT limit 1) at C:\\Users\\54548894829\\Desktop\\portfolio-laravel-skeleton\\portfolio\\vendor\\laravel\\framework\\src\\Illuminate\\Database\\Connection.php:760)
[stacktrace]
#0 C:\\Users\\54548894829\\Desktop\\portfolio-laravel-skeleton\\portfolio\\vendor\\laravel\\framework\\src\\Illuminate\\Database\\Connection.php(720): Illuminate\\Database\\Connection->runQueryCallback('select * from \"...', Array, Object(Closure))
#1 C:\\Users\\54548894829\\Desktop\\portfolio-laravel-skeleton\\portfolio\\vendor\\laravel\\framework\\src\\Illuminate\\Database\\Connection.php(422): Illuminate\\Database\\Connection->run('select * from \"...', Array, Object(Closure))
#2 C:\\Users\\54548894829\\Desktop\\portfolio-laravel-skeleton\\portfolio\\vendor\\laravel\\framework\\src\\Illuminate\\Database\\Query\\Builder.php(2706): Illuminate\\Database\\Connection->select('select * from \"...', Array, true)
#3 C:\\Users\\54548894829\\Desktop\\portfolio-laravel-skeleton\\portfolio\\vendor\\laravel\\framework\\src\\Illuminate\\Database\\Query\\Builder.php(2694): Illuminate\\Database\\Query\\Builder->runSelect()
#4 C:\\Users\\54548894829\\Desktop\\portfolio-laravel-skeleton\\portfolio\\vendor\\laravel\\framework\\src\\Illuminate\\Database\\Query\\Builder.php(3230): Illuminate\\Database\\Query\\Builder->Illuminate\\Database\\Query\\{closure}()
#5 C:\\Users\\54548894829\\Desktop\\portfolio-laravel-skeleton\\portfolio\\vendor\\laravel\\framework\\src\\Illuminate\\Database\\Query\\Builder.php(2695): Illuminate\\Database\\Query\\Builder->onceWithColumns(Array, Object(Closure))
#6 C:\\Users\\54548894829\\Desktop\\portfolio-laravel-skeleton\\portfolio\\vendor\\laravel\\framework\\src\\Illuminate\\Database\\Concerns\\BuildsQueries.php(296): Illuminate\\Database\\Query\\Builder->get(Array)
#7 C:\\Users\\54548894829\\Desktop\\portfolio-laravel-skeleton\\portfolio\\vendor\\laravel\\framework\\src\\Illuminate\\Database\\Query\\Builder.php(2616): Illuminate\\Database\\Query\\Builder->first(Array)
#8 C:\\Users\\54548894829\\Desktop\\portfolio-laravel-skeleton\\portfolio\\vendor\\laravel\\framework\\src\\Illuminate\\Session\\DatabaseSessionHandler.php(97): Illuminate\\Database\\Query\\Builder->find('qaUMOkJj4NiJ2cH...')
#9 C:\\Users\\54548894829\\Desktop\\portfolio-laravel-skeleton\\portfolio\\vendor\\laravel\\framework\\src\\Illuminate\\Session\\Store.php(113): Illuminate\\Session\\DatabaseSessionHandler->read('qaUMOkJj4NiJ2cH...')
#10 C:\\Users\\54548894829\\Desktop\\portfolio-laravel-skeleton\\portfolio\\vendor\\laravel\\framework\\src\\Illuminate\\Session\\Store.php(101): Illuminate\\Session\\Store->readFromHandler()
#11 C:\\Users\\54548894829\\Desktop\\portfolio-laravel-skeleton\\portfolio\\vendor\\laravel\\framework\\src\\Illuminate\\Session\\Store.php(85): Illuminate\\Session\\Store->loadSession()
#12 C:\\Users\\54548894829\\Desktop\\portfolio-laravel-skeleton\\portfolio\\vendor\\laravel\\framework\\src\\Illuminate\\Session\\Middleware\\StartSession.php(147): Illuminate\\Session\\Store->start()
#13 C:\\Users\\54548894829\\Desktop\\portfolio-laravel-skeleton\\portfolio\\vendor\\laravel\\framework\\src\\Illuminate\\Support\\helpers.php(319): Illuminate\\Session\\Middleware\\StartSession->Illuminate\\Session\\Middleware\\{closure}(Object(Illuminate\\Session\\Store))
#14 C:\\Users\\54548894829\\Desktop\\portfolio-laravel-skeleton\\portfolio\\vendor\\laravel\\framework\\src\\Illuminate\\Session\\Middleware\\StartSession.php(148): tap(Object(Illuminate\\Session\\Store), Object(Closure))
#15 C:\\Users\\54548894829\\Desktop\\portfolio-laravel-skeleton\\portfolio\\vendor\\laravel\\framework\\src\\Illuminate\\Session\\Middleware\\StartSession.php(116): Illuminate\\Session\\Middleware\\StartSession->startSession(Object(Illuminate\\Http\\Request), Object(Illuminate\\Session\\Store))
#16 C:\\Users\\54548894829\\Desktop\\portfolio-laravel-skeleton\\portfolio\\vendor\\laravel\\framework\\src\\Illuminate\\Session\\Middleware\\StartSession.php(64): Illuminate\\Session\\Middleware\\StartSession->handleStatefulRequest(Object(Illuminate\\Http\\Request), Object(Illuminate\\Session\\Store), Object(Closure))
#17 C:\\Users\\54548894829\\Desktop\\portfolio-laravel-skeleton\\portfolio\\vendor\\laravel\\framework\\src\\Illuminate\\Pipeline\\Pipeline.php(180): Illuminate\\Session\\Middleware\\StartSession->handle(Object(Illuminate\\Http\\Request), Object(Closure))
#18 C:\\Users\\54548894829\\Desktop\\portfolio-laravel-skeleton\\portfolio\\vendor\\laravel\\framework\\src\\Illuminate\\Cookie\\Middleware\\AddQueuedCookiesToResponse.php(37): Illuminate\\Pipeline\\Pipeline->Illuminate\\Pipeline\\{closure}(Object(Illuminate\\Http\\Request))
#19 C:\\Users\\54548894829\\Desktop\\portfolio-laravel-skeleton\\portfolio\\vendor\\laravel\\framework\\src\\Illuminate\\Pipeline\\Pipeline.php(180): Illuminate\\Cookie\\Middleware\\AddQueuedCookiesToResponse->handle(Object(Illuminate\\Http\\Request), Object(Closure))
#20 C:\\Users\\54548894829\\Desktop\\portfolio-laravel-skeleton\\portfolio\\vendor\\laravel\\framework\\src\\Illuminate\\Cookie\\Middleware\\EncryptCookies.php(67): Illuminate\\Pipeline\\Pipeline->Illuminate\\Pipeline\\{closure}(Object(Illuminate\\Http\\Request))
#21 C:\\Users\\54548894829\\Desktop\\portfolio-laravel-skeleton\\portfolio\\vendor\\laravel\\framework\\src\\Illuminate\\Pipeline\\Pipeline.php(180): Illuminate\\Cookie\\Middleware\\EncryptCookies->handle(Object(Illuminate\\Http\\Request), Object(Closure))
#22 C:\\Users\\54548894829\\Desktop\\portfolio-laravel-skeleton\\portfolio\\vendor\\laravel\\framework\\src\\Illuminate\\Pipeline\\Pipeline.php(116): Illuminate\\Pipeline\\Pipeline->Illuminate\\Pipeline\\{closure}(Object(Illuminate\\Http\\Request))
#23 C:\\Users\\54548894829\\Desktop\\portfolio-laravel-skeleton\\portfolio\\vendor\\laravel\\framework\\src\\Illuminate\\Routing\\Router.php(799): Illuminate\\Pipeline\\Pipeline->then(Object(Closure))
#24 C:\\Users\\54548894829\\Desktop\\portfolio-laravel-skeleton\\portfolio\\vendor\\laravel\\framework\\src\\Illuminate\\Routing\\Router.php(776): Illuminate\\Routing\\Router->runRouteWithinStack(Object(Illuminate\\Routing\\Route), Object(Illuminate\\Http\\Request))
#25 C:\\Users\\54548894829\\Desktop\\portfolio-laravel-skeleton\\portfolio\\vendor\\laravel\\framework\\src\\Illuminate\\Routing\\Router.php(740): Illuminate\\Routing\\Router->runRoute(Object(Illuminate\\Http\\Request), Object(Illuminate\\Routing\\Route))
#26 C:\\Users\\54548894829\\Desktop\\portfolio-laravel-skeleton\\portfolio\\vendor\\laravel\\framework\\src\\Illuminate\\Routing\\Router.php(729): Illuminate\\Routing\\Router->dispatchToRoute(Object(Illuminate\\Http\\Request))
#27 C:\\Users\\54548894829\\Desktop\\portfolio-laravel-skeleton\\portfolio\\vendor\\laravel\\framework\\src\\Illuminate\\Foundation\\Http\\Kernel.php(190): Illuminate\\Routing\\Router->dispatch(Object(Illuminate\\Http\\Request))
#28 C:\\Users\\54548894829\\Desktop\\portfolio-laravel-skeleton\\portfolio\\vendor\\laravel\\framework\\src\\Illuminate\\Pipeline\\Pipeline.php(141): Illuminate\\Foundation\\Http\\Kernel->Illuminate\\Foundation\\Http\\{closure}(Object(Illuminate\\Http\\Request))
#29 C:\\Users\\54548894829\\Desktop\\portfolio-laravel-skeleton\\portfolio\\vendor\\laravel\\framework\\src\\Illuminate\\Foundation\\Http\\Middleware\\TransformsRequest.php(21): Illuminate\\Pipeline\\Pipeline->Illuminate\\Pipeline\\{closure}(Object(Illuminate\\Http\\Request))
#30 C:\\Users\\54548894829\\Desktop\\portfolio-laravel-skeleton\\portfolio\\vendor\\laravel\\framework\\src\\Illuminate\\Foundation\\Http\\Middleware\\ConvertEmptyStringsToNull.php(31): Illuminate\\Foundation\\Http\\Middleware\\TransformsRequest->handle(Object(Illuminate\\Http\\Request), Object(Closure))
#31 C:\\Users\\54548894829\\Desktop\\portfolio-laravel-skeleton\\portfolio\\vendor\\laravel\\framework\\src\\Illuminate\\Pipeline\\Pipeline.php(180): Illuminate\\Foundation\\Http\\Middleware\\ConvertEmptyStringsToNull->handle(Object(Illuminate\\Http\\Request), Object(Closure))
#32 C:\\Users\\54548894829\\Desktop\\portfolio-laravel-skeleton\\portfolio\\vendor\\laravel\\framework\\src\\Illuminate\\Foundation\\Http\\Middleware\\TransformsRequest.php(21): Illuminate\\Pipeline\\Pipeline->Illuminate\\Pipeline\\{closure}(Object(Illuminate\\Http\\Request))
#33 C:\\Users\\54548894829\\Desktop\\portfolio-laravel-skeleton\\portfolio\\vendor\\laravel\\framework\\src\\Illuminate\\Foundation\\Http\\Middleware\\TrimStrings.php(40): Illuminate\\Foundation\\Http\\Middleware\\TransformsRequest->handle(Object(Illuminate\\Http\\Request), Object(Closure))
#34 C:\\Users\\54548894829\\Desktop\\portfolio-laravel-skeleton\\portfolio\\vendor\\laravel\\framework\\src\\Illuminate\\Pipeline\\Pipeline.php(180): Illuminate\\Foundation\\Http\\Middleware\\TrimStrings->handle(Object(Illuminate\\Http\\Request), Object(Closure))
#35 C:\\Users\\54548894829\\Desktop\\portfolio-laravel-skeleton\\portfolio\\vendor\\laravel\\framework\\src\\Illuminate\\Foundation\\Http\\Middleware\\ValidatePostSize.php(27): Illuminate\\Pipeline\\Pipeline->Illuminate\\Pipeline\\{closure}(Object(Illuminate\\Http\\Request))
#36 C:\\Users\\54548894829\\Desktop\\portfolio-laravel-skeleton\\portfolio\\vendor\\laravel\\framework\\src\\Illuminate\\Pipeline\\Pipeline.php(180): Illuminate\\Foundation\\Http\\Middleware\\ValidatePostSize->handle(Object(Illuminate\\Http\\Request), Object(Closure))
#37 C:\\Users\\54548894829\\Desktop\\portfolio-laravel-skeleton\\portfolio\\vendor\\laravel\\framework\\src\\Illuminate\\Foundation\\Http\\Middleware\\PreventRequestsDuringMaintenance.php(86): Illuminate\\Pipeline\\Pipeline->Illuminate\\Pipeline\\{closure}(Object(Illuminate\\Http\\Request))
#38 C:\\Users\\54548894829\\Desktop\\portfolio-laravel-skeleton\\portfolio\\vendor\\laravel\\framework\\src\\Illuminate\\Pipeline\\Pipeline.php(180): Illuminate\\Foundation\\Http\\Middleware\\PreventRequestsDuringMaintenance->handle(Object(Illuminate\\Http\\Request), Object(Closure))
#39 C:\\Users\\54548894829\\Desktop\\portfolio-laravel-skeleton\\portfolio\\vendor\\laravel\\framework\\src\\Illuminate\\Http\\Middleware\\HandleCors.php(49): Illuminate\\Pipeline\\Pipeline->Illuminate\\Pipeline\\{closure}(Object(Illuminate\\Http\\Request))
#40 C:\\Users\\54548894829\\Desktop\\portfolio-laravel-skeleton\\portfolio\\vendor\\laravel\\framework\\src\\Illuminate\\Pipeline\\Pipeline.php(180): Illuminate\\Http\\Middleware\\HandleCors->handle(Object(Illuminate\\Http\\Request), Object(Closure))
#41 C:\\Users\\54548894829\\Desktop\\portfolio-laravel-skeleton\\portfolio\\vendor\\laravel\\framework\\src\\Illuminate\\Http\\Middleware\\TrustProxies.php(39): Illuminate\\Pipeline\\Pipeline->Illuminate\\Pipeline\\{closure}(Object(Illuminate\\Http\\Request))
#42 C:\\Users\\54548894829\\Desktop\\portfolio-laravel-skeleton\\portfolio\\vendor\\laravel\\framework\\src\\Illuminate\\Pipeline\\Pipeline.php(180): Illuminate\\Http\\Middleware\\TrustProxies->handle(Object(Illuminate\\Http\\Request), Object(Closure))
#43 C:\\Users\\54548894829\\Desktop\\portfolio-laravel-skeleton\\portfolio\\vendor\\laravel\\framework\\src\\Illuminate\\Pipeline\\Pipeline.php(116): Illuminate\\Pipeline\\Pipeline->Illuminate\\Pipeline\\{closure}(Object(Illuminate\\Http\\Request))
#44 C:\\Users\\54548894829\\Desktop\\portfolio-laravel-skeleton\\portfolio\\vendor\\laravel\\framework\\src\\Illuminate\\Foundation\\Http\\Kernel.php(165): Illuminate\\Pipeline\\Pipeline->then(Object(Closure))
#45 C:\\Users\\54548894829\\Desktop\\portfolio-laravel-skeleton\\portfolio\\vendor\\laravel\\framework\\src\\Illuminate\\Foundation\\Http\\Kernel.php(134): Illuminate\\Foundation\\Http\\Kernel->sendRequestThroughRouter(Object(Illuminate\\Http\\Request))
#46 C:\\Users\\54548894829\\Desktop\\portfolio-laravel-skeleton\\portfolio\\public\\index.php(19): Illuminate\\Foundation\\Http\\Kernel->handle(Object(Illuminate\\Http\\Request))
#47 C:\\Users\\54548894829\\Desktop\\portfolio-laravel-skeleton\\portfolio\\vendor\\laravel\\framework\\src\\Illuminate\\Foundation\\resources\\server.php(16): require_once('C:\\\\Users\\\\545488...')
#48 {main}

[previous exception] [object] (PDOException(code: HY000): SQLSTATE[HY000]: General error: 1 no such table: sessions at C:\\Users\\54548894829\\Desktop\\portfolio-laravel-skeleton\\portfolio\\vendor\\laravel\\framework\\src\\Illuminate\\Database\\Connection.php:414)
[stacktrace]
#0 C:\\Users\\54548894829\\Desktop\\portfolio-laravel-skeleton\\portfolio\\vendor\\laravel\\framework\\src\\Illuminate\\Database\\Connection.php(414): PDO->prepare('select * from \"...')
#1 C:\\Users\\54548894829\\Desktop\\portfolio-laravel-skeleton\\portfolio\\vendor\\laravel\\framework\\src\\Illuminate\\Database\\Connection.php(753): Illuminate\\Database\\Connection->Illuminate\\Database\\{closure}('select * from \"...', Array)
#2 C:\\Users\\54548894829\\Desktop\\portfolio-laravel-skeleton\\portfolio\\vendor\\laravel\\framework\\src\\Illuminate\\Database\\Connection.php(720): Illuminate\\Database\\Connection->runQueryCallback('select * from \"...', Array, Object(Closure))
#3 C:\\Users\\54548894829\\Desktop\\portfolio-laravel-skeleton\\portfolio\\vendor\\laravel\\framework\\src\\Illuminate\\Database\\Connection.php(422): Illuminate\\Database\\Connection->run('select * from \"...', Array, Object(Closure))
#4 C:\\Users\\54548894829\\Desktop\\portfolio-laravel-skeleton\\portfolio\\vendor\\laravel\\framework\\src\\Illuminate\\Database\\Query\\Builder.php(2706): Illuminate\\Database\\Connection->select('select * from \"...', Array, true)
#5 C:\\Users\\54548894829\\Desktop\\portfolio-laravel-skeleton\\portfolio\\vendor\\laravel\\framework\\src\\Illuminate\\Database\\Query\\Builder.php(2694): Illuminate\\Database\\Query\\Builder->runSelect()
#6 C:\\Users\\54548894829\\Desktop\\portfolio-laravel-skeleton\\portfolio\\vendor\\laravel\\framework\\src\\Illuminate\\Database\\Query\\Builder.php(3230): Illuminate\\Database\\Query\\Builder->Illuminate\\Database\\Query\\{closure}()
#7 C:\\Users\\54548894829\\Desktop\\portfolio-laravel-skeleton\\portfolio\\vendor\\laravel\\framework\\src\\Illuminate\\Database\\Query\\Builder.php(2695): Illuminate\\Database\\Query\\Builder->onceWithColumns(Array, Object(Closure))
#8 C:\\Users\\54548894829\\Desktop\\portfolio-laravel-skeleton\\portfolio\\vendor\\laravel\\framework\\src\\Illuminate\\Database\\Concerns\\BuildsQueries.php(296): Illuminate\\Database\\Query\\Builder->get(Array)
#9 C:\\Users\\54548894829\\Desktop\\portfolio-laravel-skeleton\\portfolio\\vendor\\laravel\\framework\\src\\Illuminate\\Database\\Query\\Builder.php(2616): Illuminate\\Database\\Query\\Builder->first(Array)
#10 C:\\Users\\54548894829\\Desktop\\portfolio-laravel-skeleton\\portfolio\\vendor\\laravel\\framework\\src\\Illuminate\\Session\\DatabaseSessionHandler.php(97): Illuminate\\Database\\Query\\Builder->find('qaUMOkJj4NiJ2cH...')
#11 C:\\Users\\54548894829\\Desktop\\portfolio-laravel-skeleton\\portfolio\\vendor\\laravel\\framework\\src\\Illuminate\\Session\\Store.php(113): Illuminate\\Session\\DatabaseSessionHandler->read('qaUMOkJj4NiJ2cH...')
#12 C:\\Users\\54548894829\\Desktop\\portfolio-laravel-skeleton\\portfolio\\vendor\\laravel\\framework\\src\\Illuminate\\Session\\Store.php(101): Illuminate\\Session\\Store->readFromHandler()
#13 C:\\Users\\54548894829\\Desktop\\portfolio-laravel-skeleton\\portfolio\\vendor\\laravel\\framework\\src\\Illuminate\\Session\\Store.php(85): Illuminate\\Session\\Store->loadSession()
#14 C:\\Users\\54548894829\\Desktop\\portfolio-laravel-skeleton\\portfolio\\vendor\\laravel\\framework\\src\\Illuminate\\Session\\Middleware\\StartSession.php(147): Illuminate\\Session\\Store->start()
#15 C:\\Users\\54548894829\\Desktop\\portfolio-laravel-skeleton\\portfolio\\vendor\\laravel\\framework\\src\\Illuminate\\Support\\helpers.php(319): Illuminate\\Session\\Middleware\\StartSession->Illuminate\\Session\\Middleware\\{closure}(Object(Illuminate\\Session\\Store))
#16 C:\\Users\\54548894829\\Desktop\\portfolio-laravel-skeleton\\portfolio\\vendor\\laravel\\framework\\src\\Illuminate\\Session\\Middleware\\StartSession.php(148): tap(Object(Illuminate\\Session\\Store), Object(Closure))
#17 C:\\Users\\54548894829\\Desktop\\portfolio-laravel-skeleton\\portfolio\\vendor\\laravel\\framework\\src\\Illuminate\\Session\\Middleware\\StartSession.php(116): Illuminate\\Session\\Middleware\\StartSession->startSession(Object(Illuminate\\Http\\Request), Object(Illuminate\\Session\\Store))
#18 C:\\Users\\54548894829\\Desktop\\portfolio-laravel-skeleton\\portfolio\\vendor\\laravel\\framework\\src\\Illuminate\\Session\\Middleware\\StartSession.php(64): Illuminate\\Session\\Middleware\\StartSession->handleStatefulRequest(Object(Illuminate\\Http\\Request), Object(Illuminate\\Session\\Store), Object(Closure))
#19 C:\\Users\\54548894829\\Desktop\\portfolio-laravel-skeleton\\portfolio\\vendor\\laravel\\framework\\src\\Illuminate\\Pipeline\\Pipeline.php(180): Illuminate\\Session\\Middleware\\StartSession->handle(Object(Illuminate\\Http\\Request), Object(Closure))
#20 C:\\Users\\54548894829\\Desktop\\portfolio-laravel-skeleton\\portfolio\\vendor\\laravel\\framework\\src\\Illuminate\\Cookie\\Middleware\\AddQueuedCookiesToResponse.php(37): Illuminate\\Pipeline\\Pipeline->Illuminate\\Pipeline\\{closure}(Object(Illuminate\\Http\\Request))
#21 C:\\Users\\54548894829\\Desktop\\portfolio-laravel-skeleton\\portfolio\\vendor\\laravel\\framework\\src\\Illuminate\\Pipeline\\Pipeline.php(180): Illuminate\\Cookie\\Middleware\\AddQueuedCookiesToResponse->handle(Object(Illuminate\\Http\\Request), Object(Closure))
#22 C:\\Users\\54548894829\\Desktop\\portfolio-laravel-skeleton\\portfolio\\vendor\\laravel\\framework\\src\\Illuminate\\Cookie\\Middleware\\EncryptCookies.php(67): Illuminate\\Pipeline\\Pipeline->Illuminate\\Pipeline\\{closure}(Object(Illuminate\\Http\\Request))
#23 C:\\Users\\54548894829\\Desktop\\portfolio-laravel-skeleton\\portfolio\\vendor\\laravel\\framework\\src\\Illuminate\\Pipeline\\Pipeline.php(180): Illuminate\\Cookie\\Middleware\\EncryptCookies->handle(Object(Illuminate\\Http\\Request), Object(Closure))
#24 C:\\Users\\54548894829\\Desktop\\portfolio-laravel-skeleton\\portfolio\\vendor\\laravel\\framework\\src\\Illuminate\\Pipeline\\Pipeline.php(116): Illuminate\\Pipeline\\Pipeline->Illuminate\\Pipeline\\{closure}(Object(Illuminate\\Http\\Request))
#25 C:\\Users\\54548894829\\Desktop\\portfolio-laravel-skeleton\\portfolio\\vendor\\laravel\\framework\\src\\Illuminate\\Routing\\Router.php(799): Illuminate\\Pipeline\\Pipeline->then(Object(Closure))
#26 C:\\Users\\54548894829\\Desktop\\portfolio-laravel-skeleton\\portfolio\\vendor\\laravel\\framework\\src\\Illuminate\\Routing\\Router.php(776): Illuminate\\Routing\\Router->runRouteWithinStack(Object(Illuminate\\Routing\\Route), Object(Illuminate\\Http\\Request))
#27 C:\\Users\\54548894829\\Desktop\\portfolio-laravel-skeleton\\portfolio\\vendor\\laravel\\framework\\src\\Illuminate\\Routing\\Router.php(740): Illuminate\\Routing\\Router->runRoute(Object(Illuminate\\Http\\Request), Object(Illuminate\\Routing\\Route))
#28 C:\\Users\\54548894829\\Desktop\\portfolio-laravel-skeleton\\portfolio\\vendor\\laravel\\framework\\src\\Illuminate\\Routing\\Router.php(729): Illuminate\\Routing\\Router->dispatchToRoute(Object(Illuminate\\Http\\Request))
#29 C:\\Users\\54548894829\\Desktop\\portfolio-laravel-skeleton\\portfolio\\vendor\\laravel\\framework\\src\\Illuminate\\Foundation\\Http\\Kernel.php(190): Illuminate\\Routing\\Router->dispatch(Object(Illuminate\\Http\\Request))
#30 C:\\Users\\54548894829\\Desktop\\portfolio-laravel-skeleton\\portfolio\\vendor\\laravel\\framework\\src\\Illuminate\\Pipeline\\Pipeline.php(141): Illuminate\\Foundation\\Http\\Kernel->Illuminate\\Foundation\\Http\\{closure}(Object(Illuminate\\Http\\Request))
#31 C:\\Users\\54548894829\\Desktop\\portfolio-laravel-skeleton\\portfolio\\vendor\\laravel\\framework\\src\\Illuminate\\Foundation\\Http\\Middleware\\TransformsRequest.php(21): Illuminate\\Pipeline\\Pipeline->Illuminate\\Pipeline\\{closure}(Object(Illuminate\\Http\\Request))
#32 C:\\Users\\54548894829\\Desktop\\portfolio-laravel-skeleton\\portfolio\\vendor\\laravel\\framework\\src\\Illuminate\\Foundation\\Http\\Middleware\\ConvertEmptyStringsToNull.php(31): Illuminate\\Foundation\\Http\\Middleware\\TransformsRequest->handle(Object(Illuminate\\Http\\Request), Object(Closure))
#33 C:\\Users\\54548894829\\Desktop\\portfolio-laravel-skeleton\\portfolio\\vendor\\laravel\\framework\\src\\Illuminate\\Pipeline\\Pipeline.php(180): Illuminate\\Foundation\\Http\\Middleware\\ConvertEmptyStringsToNull->handle(Object(Illuminate\\Http\\Request), Object(Closure))
#34 C:\\Users\\54548894829\\Desktop\\portfolio-laravel-skeleton\\portfolio\\vendor\\laravel\\framework\\src\\Illuminate\\Foundation\\Http\\Middleware\\TransformsRequest.php(21): Illuminate\\Pipeline\\Pipeline->Illuminate\\Pipeline\\{closure}(Object(Illuminate\\Http\\Request))
#35 C:\\Users\\54548894829\\Desktop\\portfolio-laravel-skeleton\\portfolio\\vendor\\laravel\\framework\\src\\Illuminate\\Foundation\\Http\\Middleware\\TrimStrings.php(40): Illuminate\\Foundation\\Http\\Middleware\\TransformsRequest->handle(Object(Illuminate\\Http\\Request), Object(Closure))
#36 C:\\Users\\54548894829\\Desktop\\portfolio-laravel-skeleton\\portfolio\\vendor\\laravel\\framework\\src\\Illuminate\\Pipeline\\Pipeline.php(180): Illuminate\\Foundation\\Http\\Middleware\\TrimStrings->handle(Object(Illuminate\\Http\\Request), Object(Closure))
#37 C:\\Users\\54548894829\\Desktop\\portfolio-laravel-skeleton\\portfolio\\vendor\\laravel\\framework\\src\\Illuminate\\Foundation\\Http\\Middleware\\ValidatePostSize.php(27): Illuminate\\Pipeline\\Pipeline->Illuminate\\Pipeline\\{closure}(Object(Illuminate\\Http\\Request))
#38 C:\\Users\\54548894829\\Desktop\\portfolio-laravel-skeleton\\portfolio\\vendor\\laravel\\framework\\src\\Illuminate\\Pipeline\\Pipeline.php(180): Illuminate\\Foundation\\Http\\Middleware\\ValidatePostSize->handle(Object(Illuminate\\Http\\Request), Object(Closure))
#39 C:\\Users\\54548894829\\Desktop\\portfolio-laravel-skeleton\\portfolio\\vendor\\laravel\\framework\\src\\Illuminate\\Foundation\\Http\\Middleware\\PreventRequestsDuringMaintenance.php(86): Illuminate\\Pipeline\\Pipeline->Illuminate\\Pipeline\\{closure}(Object(Illuminate\\Http\\Request))
#40 C:\\Users\\54548894829\\Desktop\\portfolio-laravel-skeleton\\portfolio\\vendor\\laravel\\framework\\src\\Illuminate\\Pipeline\\Pipeline.php(180): Illuminate\\Foundation\\Http\\Middleware\\PreventRequestsDuringMaintenance->handle(Object(Illuminate\\Http\\Request), Object(Closure))
#41 C:\\Users\\54548894829\\Desktop\\portfolio-laravel-skeleton\\portfolio\\vendor\\laravel\\framework\\src\\Illuminate\\Http\\Middleware\\HandleCors.php(49): Illuminate\\Pipeline\\Pipeline->Illuminate\\Pipeline\\{closure}(Object(Illuminate\\Http\\Request))
#42 C:\\Users\\54548894829\\Desktop\\portfolio-laravel-skeleton\\portfolio\\vendor\\laravel\\framework\\src\\Illuminate\\Pipeline\\Pipeline.php(180): Illuminate\\Http\\Middleware\\HandleCors->handle(Object(Illuminate\\Http\\Request), Object(Closure))
#43 C:\\Users\\54548894829\\Desktop\\portfolio-laravel-skeleton\\portfolio\\vendor\\laravel\\framework\\src\\Illuminate\\Http\\Middleware\\TrustProxies.php(39): Illuminate\\Pipeline\\Pipeline->Illuminate\\Pipeline\\{closure}(Object(Illuminate\\Http\\Request))
#44 C:\\Users\\54548894829\\Desktop\\portfolio-laravel-skeleton\\portfolio\\vendor\\laravel\\framework\\src\\Illuminate\\Pipeline\\Pipeline.php(180): Illuminate\\Http\\Middleware\\TrustProxies->handle(Object(Illuminate\\Http\\Request), Object(Closure))
#45 C:\\Users\\54548894829\\Desktop\\portfolio-laravel-skeleton\\portfolio\\vendor\\laravel\\framework\\src\\Illuminate\\Pipeline\\Pipeline.php(116): Illuminate\\Pipeline\\Pipeline->Illuminate\\Pipeline\\{closure}(Object(Illuminate\\Http\\Request))
#46 C:\\Users\\54548894829\\Desktop\\portfolio-laravel-skeleton\\portfolio\\vendor\\laravel\\framework\\src\\Illuminate\\Foundation\\Http\\Kernel.php(165): Illuminate\\Pipeline\\Pipeline->then(Object(Closure))
#47 C:\\Users\\54548894829\\Desktop\\portfolio-laravel-skeleton\\portfolio\\vendor\\laravel\\framework\\src\\Illuminate\\Foundation\\Http\\Kernel.php(134): Illuminate\\Foundation\\Http\\Kernel->sendRequestThroughRouter(Object(Illuminate\\Http\\Request))
#48 C:\\Users\\54548894829\\Desktop\\portfolio-laravel-skeleton\\portfolio\\public\\index.php(19): Illuminate\\Foundation\\Http\\Kernel->handle(Object(Illuminate\\Http\\Request))
#49 C:\\Users\\54548894829\\Desktop\\portfolio-laravel-skeleton\\portfolio\\vendor\\laravel\\framework\\src\\Illuminate\\Foundation\\resources\\server.php(16): require_once('C:\\\\Users\\\\545488...')
#50 {main}
"} 
[2026-09-11 09:55:06] local.ERROR: Command "migrat" is ambiguous.
Did you mean one of these?
    migrate          Run the database migrations
    migrate:fresh    Drop all tables and re-run all migrations
    migrate:install  Create the migration repository
    migrate:refresh  Reset and re-run all migrations
    migrate:reset    Rollback all database migrations
    migrate:rollback Rollback the last database migration
    migrate:status   Show the status of each migration. {"exception":"[object] (Symfony\\Component\\Console\\Exception\\CommandNotFoundException(code: 0): Command \"migrat\" is ambiguous.
Did you mean one of these?
    migrate          Run the database migrations
    migrate:fresh    Drop all tables and re-run all migrations
    migrate:install  Create the migration repository
    migrate:refresh  Reset and re-run all migrations
    migrate:reset    Rollback all database migrations
    migrate:rollback Rollback the last database migration
    migrate:status   Show the status of each migration. at C:\\Users\\54548894829\\Desktop\\portfolio-laravel-skeleton\\portfolio\\vendor\\symfony\\console\\Application.php:735)
[stacktrace]
#0 C:\\Users\\54548894829\\Desktop\\portfolio-laravel-skeleton\\portfolio\\vendor\\symfony\\console\\Application.php(259): Symfony\\Component\\Console\\Application->find('migrat')
#1 C:\\Users\\54548894829\\Desktop\\portfolio-laravel-skeleton\\portfolio\\vendor\\symfony\\console\\Application.php(171): Symfony\\Component\\Console\\Application->doRun(Object(Symfony\\Component\\Console\\Input\\ArgvInput), Object(Symfony\\Component\\Console\\Output\\ConsoleOutput))
#2 C:\\Users\\54548894829\\Desktop\\portfolio-laravel-skeleton\\portfolio\\vendor\\laravel\\framework\\src\\Illuminate\\Console\\Application.php(102): Symfony\\Component\\Console\\Application->run(Object(Symfony\\Component\\Console\\Input\\ArgvInput), Object(Symfony\\Component\\Console\\Output\\ConsoleOutput))
#3 C:\\Users\\54548894829\\Desktop\\portfolio-laravel-skeleton\\portfolio\\vendor\\laravel\\framework\\src\\Illuminate\\Foundation\\Console\\Kernel.php(155): Illuminate\\Console\\Application->run(Object(Symfony\\Component\\Console\\Input\\ArgvInput), Object(Symfony\\Component\\Console\\Output\\ConsoleOutput))
#4 C:\\Users\\54548894829\\Desktop\\portfolio-laravel-skeleton\\portfolio\\artisan(14): Illuminate\\Foundation\\Console\\Kernel->handle(Object(Symfony\\Component\\Console\\Input\\ArgvInput), Object(Symfony\\Component\\Console\\Output\\ConsoleOutput))
#5 {main}
"} 
